{"type":"FeatureCollection","features":[{"type":"Feature","geometry":{"type":"Polygon","coordinates":[[[1.46367,42.42909],[1.46345,42.4381],[1.4513,42.43793],[1.45152,42.42893],[1.46367,42.42909]]]},"properties":{"id":"r0c3","np":5,"nombre":"Muy alto","dm":0.6143,"fwi":15.03,"ndmi":0.1286,"dry":4.85,"inc":0.609,"ni":"Alta","acc":"Vigilancia + verificación campo","cp":"#DE8631","cu":"#C0392B","ca":"#d73027"}},{"type":"Feature","geometry":{"type":"Polygon","coordinates":[[[1.47583,42.42925],[1.47561,42.43826],[1.46345,42.4381],[1.46367,42.42909],[1.47583,42.42925]]]},"properties":{"id":"r0c4","np":5,"nombre":"Muy alto","dm":0.5931,"fwi":15.03,"ndmi":0.175,"dry":4.85,"inc":0.6092,"ni":"Alta","acc":"Vigilancia + verificación campo","cp":"#DE8631","cu":"#C0392B","ca":"#d73027"}},{"type":"Feature","geometry":{"type":"Polygon","coordinates":[[[1.48798,42.42942],[1.48776,42.43842],[1.47561,42.43826],[1.47583,42.42925],[1.48798,42.42942]]]},"properties":{"id":"r0c5","np":5,"nombre":"Muy alto","dm":0.5496,"fwi":15.03,"ndmi":0.2705,"dry":4.85,"inc":0.6111,"ni":"Alta","acc":"Vigilancia + verificación campo","cp":"#DE8631","cu":"#C0392B","ca":"#d73027"}},{"type":"Feature","geometry":{"type":"Polygon","coordinates":[[[1.50013,42.42958],[1.49992,42.43858],[1.48776,42.43842],[1.48798,42.42942],[1.50013,42.42958]]]},"properties":{"id":"r0c6","np":5,"nombre":"Muy alto","dm":0.5469,"fwi":15.03,"ndmi":0.2764,"dry":4.85,"inc":0.6094,"ni":"Alta","acc":"Vigilancia + verificación campo","cp":"#DE8631","cu":"#C0392B","ca":"#d73027"}},{"type":"Feature","geometry":{"type":"Polygon","coordinates":[[[1.51228,42.42973],[1.51207,42.43874],[1.49992,42.43858],[1.50013,42.42958],[1.51228,42.42973]]]},"properties":{"id":"r0c7","np":5,"nombre":"Muy alto","dm":0.5364,"fwi":15.03,"ndmi":0.2995,"dry":4.85,"inc":0.6087,"ni":"Alta","acc":"Vigilancia + verificación campo","cp":"#DE8631","cu":"#C0392B","ca":"#d73027"}},{"type":"Feature","geometry":{"type":"Polygon","coordinates":[[[1.52444,42.42989],[1.52423,42.43889],[1.51207,42.43874],[1.51228,42.42973],[1.52444,42.42989]]]},"properties":{"id":"r0c8","np":5,"nombre":"Muy alto","dm":0.5572,"fwi":15.03,"ndmi":0.2538,"dry":4.85,"inc":0.6094,"ni":"Alta","acc":"Vigilancia + verificación campo","cp":"#DE8631","cu":"#C0392B","ca":"#d73027"}},{"type":"Feature","geometry":{"type":"Polygon","coordinates":[[[1.53659,42.43005],[1.53638,42.43905],[1.52423,42.43889],[1.52444,42.42989],[1.53659,42.43005]]]},"properties":{"id":"r0c9","np":5,"nombre":"Muy alto","dm":0.5706,"fwi":15.03,"ndmi":0.2246,"dry":4.85,"inc":0.6115,"ni":"Alta","acc":"Vigilancia + verificación campo","cp":"#DE8631","cu":"#C0392B","ca":"#d73027"}},{"type":"Feature","geometry":{"type":"Polygon","coordinates":[[[1.54874,42.4302],[1.54854,42.4392],[1.53638,42.43905],[1.53659,42.43005],[1.54874,42.4302]]]},"properties":{"id":"r0c10","np":5,"nombre":"Muy alto","dm":0.5838,"fwi":15.03,"ndmi":0.1955,"dry":4.85,"inc":0.6111,"ni":"Alta","acc":"Vigilancia + verificación campo","cp":"#DE8631","cu":"#C0392B","ca":"#d73027"}},{"type":"Feature","geometry":{"type":"Polygon","coordinates":[[[1.5609,42.43035],[1.56069,42.43936],[1.54854,42.4392],[1.54874,42.4302],[1.5609,42.43035]]]},"properties":{"id":"r0c11","np":5,"nombre":"Muy alto","dm":0.6196,"fwi":14.39,"ndmi":0.0835,"dry":4.85,"inc":0.6172,"ni":"Alta","acc":"Vigilancia + verificación campo","cp":"#DE8631","cu":"#C0392B","ca":"#d73027"}},{"type":"Feature","geometry":{"type":"Polygon","coordinates":[[[1.4513,42.43793],[1.45108,42.44693],[1.43892,42.44677],[1.43915,42.43777],[1.4513,42.43793]]]},"properties":{"id":"r1c2","np":5,"nombre":"Muy alto","dm":0.6117,"fwi":17.93,"ndmi":0.2127,"dry":5.6,"inc":0.5988,"ni":"Alta","acc":"Vigilancia + verificación campo","cp":"#DE8631","cu":"#C0392B","ca":"#d73027"}},{"type":"Feature","geometry":{"type":"Polygon","coordinates":[[[1.46345,42.4381],[1.46323,42.4471],[1.45108,42.44693],[1.4513,42.43793],[1.46345,42.4381]]]},"properties":{"id":"r1c3","np":5,"nombre":"Muy alto","dm":0.5677,"fwi":15.03,"ndmi":0.2309,"dry":4.85,"inc":0.6091,"ni":"Alta","acc":"Vigilancia + verificación campo","cp":"#DE8631","cu":"#C0392B","ca":"#d73027"}},{"type":"Feature","geometry":{"type":"Polygon","coordinates":[[[1.47561,42.43826],[1.47539,42.44726],[1.46323,42.4471],[1.46345,42.4381],[1.47561,42.43826]]]},"properties":{"id":"r1c4","np":5,"nombre":"Muy alto","dm":0.5865,"fwi":15.03,"ndmi":0.1895,"dry":4.85,"inc":0.6091,"ni":"Alta","acc":"Vigilancia + verificación campo","cp":"#DE8631","cu":"#C0392B","ca":"#d73027"}},{"type":"Feature","geometry":{"type":"Polygon","coordinates":[[[1.48776,42.43842],[1.48755,42.44742],[1.47539,42.44726],[1.47561,42.43826],[1.48776,42.43842]]]},"properties":{"id":"r1c5","np":5,"nombre":"Muy alto","dm":0.5595,"fwi":15.03,"ndmi":0.2489,"dry":4.85,"inc":0.6107,"ni":"Alta","acc":"Vigilancia + verificación campo","cp":"#DE8631","cu":"#C0392B","ca":"#d73027"}},{"type":"Feature","geometry":{"type":"Polygon","coordinates":[[[1.49992,42.43858],[1.4997,42.44758],[1.48755,42.44742],[1.48776,42.43842],[1.49992,42.43858]]]},"properties":{"id":"r1c6","np":4,"nombre":"Alto","dm":0.5202,"fwi":15.03,"ndmi":0.3389,"dry":4.85,"inc":0.6105,"ni":"Alta","acc":"Alerta + más datos","cp":"#F5F23B","cu":"#C0392B","ca":"#fdae61"}},{"type":"Feature","geometry":{"type":"Polygon","coordinates":[[[1.51207,42.43874],[1.51186,42.44774],[1.4997,42.44758],[1.49992,42.43858],[1.51207,42.43874]]]},"properties":{"id":"r1c7","np":4,"nombre":"Alto","dm":0.5186,"fwi":15.03,"ndmi":0.3441,"dry":4.85,"inc":0.6107,"ni":"Alta","acc":"Alerta + más datos","cp":"#F5F23B","cu":"#C0392B","ca":"#fdae61"}},{"type":"Feature","geometry":{"type":"Polygon","coordinates":[[[1.52423,42.43889],[1.52401,42.4479],[1.51186,42.44774],[1.51207,42.43874],[1.52423,42.43889]]]},"properties":{"id":"r1c8","np":4,"nombre":"Alto","dm":0.5079,"fwi":15.03,"ndmi":0.3949,"dry":4.85,"inc":0.6107,"ni":"Alta","acc":"Alerta + más datos","cp":"#F5F23B","cu":"#C0392B","ca":"#fdae61"}},{"type":"Feature","geometry":{"type":"Polygon","coordinates":[[[1.53638,42.43905],[1.53617,42.44805],[1.52401,42.4479],[1.52423,42.43889],[1.53638,42.43905]]]},"properties":{"id":"r1c9","np":4,"nombre":"Alto","dm":0.5129,"fwi":15.03,"ndmi":0.3714,"dry":4.85,"inc":0.6087,"ni":"Alta","acc":"Alerta + más datos","cp":"#F5F23B","cu":"#C0392B","ca":"#fdae61"}},{"type":"Feature","geometry":{"type":"Polygon","coordinates":[[[1.54854,42.4392],[1.54833,42.44821],[1.53617,42.44805],[1.53638,42.43905],[1.54854,42.4392]]]},"properties":{"id":"r1c10","np":5,"nombre":"Muy alto","dm":0.5629,"fwi":15.03,"ndmi":0.2414,"dry":4.85,"inc":0.6084,"ni":"Alta","acc":"Vigilancia + verificación campo","cp":"#DE8631","cu":"#C0392B","ca":"#d73027"}},{"type":"Feature","geometry":{"type":"Polygon","coordinates":[[[1.56069,42.43936],[1.56048,42.44836],[1.54833,42.44821],[1.54854,42.4392],[1.56069,42.43936]]]},"properties":{"id":"r1c11","np":6,"nombre":"Extremo","dm":0.6655,"fwi":14.39,"ndmi":-0.02,"dry":4.85,"inc":0.6173,"ni":"Alta","acc":"Vigilancia + verificación campo","cp":"#D92B20","cu":"#C0392B","ca":"#d73027"}},{"type":"Feature","geometry":{"type":"Polygon","coordinates":[[[1.45108,42.44693],[1.45086,42.45594],[1.4387,42.45577],[1.43892,42.44677],[1.45108,42.44693]]]},"properties":{"id":"r2c2","np":3,"nombre":"Moderado","dm":0.425,"fwi":6.43,"ndmi":0.2274,"dry":3.0,"inc":0.4525,"ni":"Media","acc":"Monitorización rutinaria","cp":"#6FCE44","cu":"#EA9020","ca":"#a6d96a"}},{"type":"Feature","geometry":{"type":"Polygon","coordinates":[[[1.46323,42.4471],[1.46301,42.4561],[1.45086,42.45594],[1.45108,42.44693],[1.46323,42.4471]]]},"properties":{"id":"r2c3","np":5,"nombre":"Muy alto","dm":0.5834,"fwi":18.62,"ndmi":0.3016,"dry":5.6,"inc":0.6145,"ni":"Alta","acc":"Vigilancia + verificación campo","cp":"#DE8631","cu":"#C0392B","ca":"#d73027"}},{"type":"Feature","geometry":{"type":"Polygon","coordinates":[[[1.47539,42.44726],[1.47517,42.45626],[1.46301,42.4561],[1.46323,42.4471],[1.47539,42.44726]]]},"properties":{"id":"r2c4","np":5,"nombre":"Muy alto","dm":0.5995,"fwi":18.62,"ndmi":0.2663,"dry":5.6,"inc":0.6148,"ni":"Alta","acc":"Vigilancia + verificación campo","cp":"#DE8631","cu":"#C0392B","ca":"#d73027"}},{"type":"Feature","geometry":{"type":"Polygon","coordinates":[[[1.48755,42.44742],[1.48733,42.45642],[1.47517,42.45626],[1.47539,42.44726],[1.48755,42.44742]]]},"properties":{"id":"r2c5","np":6,"nombre":"Extremo","dm":0.6315,"fwi":18.62,"ndmi":0.1959,"dry":5.6,"inc":0.6135,"ni":"Alta","acc":"Vigilancia + verificación campo","cp":"#D92B20","cu":"#C0392B","ca":"#d73027"}},{"type":"Feature","geometry":{"type":"Polygon","coordinates":[[[1.4997,42.44758],[1.49949,42.45658],[1.48733,42.45642],[1.48755,42.44742],[1.4997,42.44758]]]},"properties":{"id":"r2c6","np":5,"nombre":"Muy alto","dm":0.5909,"fwi":18.62,"ndmi":0.2851,"dry":5.6,"inc":0.6146,"ni":"Alta","acc":"Vigilancia + verificación campo","cp":"#DE8631","cu":"#C0392B","ca":"#d73027"}},{"type":"Feature","geometry":{"type":"Polygon","coordinates":[[[1.51186,42.44774],[1.51164,42.45674],[1.49949,42.45658],[1.4997,42.44758],[1.51186,42.44774]]]},"properties":{"id":"r2c7","np":5,"nombre":"Muy alto","dm":0.5989,"fwi":18.62,"ndmi":0.2676,"dry":5.6,"inc":0.6145,"ni":"Alta","acc":"Vigilancia + verificación campo","cp":"#DE8631","cu":"#C0392B","ca":"#d73027"}},{"type":"Feature","geometry":{"type":"Polygon","coordinates":[[[1.52401,42.4479],[1.5238,42.4569],[1.51164,42.45674],[1.51186,42.44774],[1.52401,42.4479]]]},"properties":{"id":"r2c8","np":5,"nombre":"Muy alto","dm":0.5801,"fwi":18.62,"ndmi":0.3089,"dry":5.6,"inc":0.6143,"ni":"Alta","acc":"Vigilancia + verificación campo","cp":"#DE8631","cu":"#C0392B","ca":"#d73027"}},{"type":"Feature","geometry":{"type":"Polygon","coordinates":[[[1.53617,42.44805],[1.53596,42.45706],[1.5238,42.4569],[1.52401,42.4479],[1.53617,42.44805]]]},"properties":{"id":"r2c9","np":5,"nombre":"Muy alto","dm":0.5956,"fwi":18.62,"ndmi":0.2749,"dry":5.6,"inc":0.6144,"ni":"Alta","acc":"Vigilancia + verificación campo","cp":"#DE8631","cu":"#C0392B","ca":"#d73027"}},{"type":"Feature","geometry":{"type":"Polygon","coordinates":[[[1.54833,42.44821],[1.54812,42.45721],[1.53596,42.45706],[1.53617,42.44805],[1.54833,42.44821]]]},"properties":{"id":"r2c10","np":5,"nombre":"Muy alto","dm":0.6095,"fwi":18.62,"ndmi":0.2444,"dry":5.6,"inc":0.6145,"ni":"Alta","acc":"Vigilancia + verificación campo","cp":"#DE8631","cu":"#C0392B","ca":"#d73027"}},{"type":"Feature","geometry":{"type":"Polygon","coordinates":[[[1.56048,42.44836],[1.56028,42.45736],[1.54812,42.45721],[1.54833,42.44821],[1.56048,42.44836]]]},"properties":{"id":"r2c11","np":4,"nombre":"Alto","dm":0.4829,"fwi":3.74,"ndmi":-0.0273,"dry":2.6,"inc":0.4424,"ni":"Baja","acc":"Alerta preventiva","cp":"#F5F23B","cu":"#FAD899","ca":"#fee08b"}},{"type":"Feature","geometry":{"type":"Polygon","coordinates":[[[1.57264,42.44851],[1.57244,42.45752],[1.56028,42.45736],[1.56048,42.44836],[1.57264,42.44851]]]},"properties":{"id":"r2c12","np":4,"nombre":"Alto","dm":0.4857,"fwi":3.74,"ndmi":-0.0327,"dry":2.6,"inc":0.4424,"ni":"Baja","acc":"Alerta preventiva","cp":"#F5F23B","cu":"#FAD899","ca":"#fee08b"}},{"type":"Feature","geometry":{"type":"Polygon","coordinates":[[[1.5848,42.44866],[1.58459,42.45767],[1.57244,42.45752],[1.57264,42.44851],[1.5848,42.44866]]]},"properties":{"id":"r2c13","np":4,"nombre":"Alto","dm":0.4989,"fwi":3.74,"ndmi":-0.1124,"dry":2.6,"inc":0.4417,"ni":"Baja","acc":"Alerta preventiva","cp":"#F5F23B","cu":"#FAD899","ca":"#fee08b"}},{"type":"Feature","geometry":{"type":"Polygon","coordinates":[[[1.45086,42.45594],[1.45063,42.46494],[1.43848,42.46477],[1.4387,42.45577],[1.45086,42.45594]]]},"properties":{"id":"r3c2","np":3,"nombre":"Moderado","dm":0.3943,"fwi":6.43,"ndmi":0.295,"dry":3.0,"inc":0.4524,"ni":"Media","acc":"Monitorización rutinaria","cp":"#6FCE44","cu":"#EA9020","ca":"#a6d96a"}},{"type":"Feature","geometry":{"type":"Polygon","coordinates":[[[1.46301,42.4561],[1.46279,42.4651],[1.45063,42.46494],[1.45086,42.45594],[1.46301,42.4561]]]},"properties":{"id":"r3c3","np":6,"nombre":"Extremo","dm":0.6358,"fwi":18.62,"ndmi":0.1865,"dry":5.6,"inc":0.6144,"ni":"Alta","acc":"Vigilancia + verificación campo","cp":"#D92B20","cu":"#C0392B","ca":"#d73027"}},{"type":"Feature","geometry":{"type":"Polygon","coordinates":[[[1.47517,42.45626],[1.47495,42.46527],[1.46279,42.4651],[1.46301,42.4561],[1.47517,42.45626]]]},"properties":{"id":"r3c4","np":6,"nombre":"Extremo","dm":0.6518,"fwi":18.62,"ndmi":0.1515,"dry":5.6,"inc":0.614,"ni":"Alta","acc":"Vigilancia + verificación campo","cp":"#D92B20","cu":"#C0392B","ca":"#d73027"}},{"type":"Feature","geometry":{"type":"Polygon","coordinates":[[[1.48733,42.45642],[1.48711,42.46543],[1.47495,42.46527],[1.47517,42.45626],[1.48733,42.45642]]]},"properties":{"id":"r3c5","np":6,"nombre":"Extremo","dm":0.6546,"fwi":18.62,"ndmi":0.1452,"dry":5.6,"inc":0.6138,"ni":"Alta","acc":"Vigilancia + verificación campo","cp":"#D92B20","cu":"#C0392B","ca":"#d73027"}},{"type":"Feature","geometry":{"type":"Polygon","coordinates":[[[1.49949,42.45658],[1.49927,42.46559],[1.48711,42.46543],[1.48733,42.45642],[1.49949,42.45658]]]},"properties":{"id":"r3c6","np":6,"nombre":"Extremo","dm":0.6394,"fwi":18.62,"ndmi":0.1786,"dry":5.6,"inc":0.6137,"ni":"Alta","acc":"Vigilancia + verificación campo","cp":"#D92B20","cu":"#C0392B","ca":"#d73027"}},{"type":"Feature","geometry":{"type":"Polygon","coordinates":[[[1.51164,42.45674],[1.51143,42.46575],[1.49927,42.46559],[1.49949,42.45658],[1.51164,42.45674]]]},"properties":{"id":"r3c7","np":5,"nombre":"Muy alto","dm":0.6064,"fwi":18.62,"ndmi":0.251,"dry":5.6,"inc":0.6142,"ni":"Alta","acc":"Vigilancia + verificación campo","cp":"#DE8631","cu":"#C0392B","ca":"#d73027"}},{"type":"Feature","geometry":{"type":"Polygon","coordinates":[[[1.5238,42.4569],[1.52359,42.4659],[1.51143,42.46575],[1.51164,42.45674],[1.5238,42.4569]]]},"properties":{"id":"r3c8","np":5,"nombre":"Muy alto","dm":0.6081,"fwi":18.62,"ndmi":0.2473,"dry":5.6,"inc":0.6135,"ni":"Alta","acc":"Vigilancia + verificación campo","cp":"#DE8631","cu":"#C0392B","ca":"#d73027"}},{"type":"Feature","geometry":{"type":"Polygon","coordinates":[[[1.53596,42.45706],[1.53575,42.46606],[1.52359,42.4659],[1.5238,42.4569],[1.53596,42.45706]]]},"properties":{"id":"r3c9","np":5,"nombre":"Muy alto","dm":0.6145,"fwi":18.62,"ndmi":0.2333,"dry":5.6,"inc":0.6142,"ni":"Alta","acc":"Vigilancia + verificación campo","cp":"#DE8631","cu":"#C0392B","ca":"#d73027"}},{"type":"Feature","geometry":{"type":"Polygon","coordinates":[[[1.54812,42.45721],[1.54791,42.46621],[1.53575,42.46606],[1.53596,42.45706],[1.54812,42.45721]]]},"properties":{"id":"r3c10","np":6,"nombre":"Extremo","dm":0.6675,"fwi":18.62,"ndmi":0.117,"dry":5.6,"inc":0.6158,"ni":"Alta","acc":"Vigilancia + verificación campo","cp":"#D92B20","cu":"#C0392B","ca":"#d73027"}},{"type":"Feature","geometry":{"type":"Polygon","coordinates":[[[1.56028,42.45736],[1.56007,42.46637],[1.54791,42.46621],[1.54812,42.45721],[1.56028,42.45736]]]},"properties":{"id":"r3c11","np":4,"nombre":"Alto","dm":0.4733,"fwi":3.74,"ndmi":-0.0018,"dry":2.6,"inc":0.4425,"ni":"Baja","acc":"Alerta preventiva","cp":"#F5F23B","cu":"#FAD899","ca":"#fee08b"}},{"type":"Feature","geometry":{"type":"Polygon","coordinates":[[[1.57244,42.45752],[1.57223,42.46652],[1.56007,42.46637],[1.56028,42.45736],[1.57244,42.45752]]]},"properties":{"id":"r3c12","np":4,"nombre":"Alto","dm":0.4685,"fwi":3.74,"ndmi":0.0088,"dry":2.6,"inc":0.4414,"ni":"Baja","acc":"Alerta preventiva","cp":"#F5F23B","cu":"#FAD899","ca":"#fee08b"}},{"type":"Feature","geometry":{"type":"Polygon","coordinates":[[[1.58459,42.45767],[1.58439,42.46667],[1.57223,42.46652],[1.57244,42.45752],[1.58459,42.45767]]]},"properties":{"id":"r3c13","np":4,"nombre":"Alto","dm":0.4849,"fwi":3.74,"ndmi":-0.0305,"dry":2.6,"inc":0.4419,"ni":"Baja","acc":"Alerta preventiva","cp":"#F5F23B","cu":"#FAD899","ca":"#fee08b"}},{"type":"Feature","geometry":{"type":"Polygon","coordinates":[[[1.59675,42.45782],[1.59655,42.46682],[1.58439,42.46667],[1.58459,42.45767],[1.59675,42.45782]]]},"properties":{"id":"r3c14","np":4,"nombre":"Alto","dm":0.47,"fwi":3.74,"ndmi":0.0044,"dry":2.6,"inc":0.4416,"ni":"Baja","acc":"Alerta preventiva","cp":"#F5F23B","cu":"#FAD899","ca":"#fee08b"}},{"type":"Feature","geometry":{"type":"Polygon","coordinates":[[[1.60891,42.45796],[1.60871,42.46697],[1.59655,42.46682],[1.59675,42.45782],[1.60891,42.45796]]]},"properties":{"id":"r3c15","np":4,"nombre":"Alto","dm":0.4691,"fwi":3.74,"ndmi":0.0075,"dry":2.6,"inc":0.4414,"ni":"Baja","acc":"Alerta preventiva","cp":"#F5F23B","cu":"#FAD899","ca":"#fee08b"}},{"type":"Feature","geometry":{"type":"Polygon","coordinates":[[[1.62107,42.45811],[1.62087,42.46711],[1.60871,42.46697],[1.60891,42.45796],[1.62107,42.45811]]]},"properties":{"id":"r3c16","np":4,"nombre":"Alto","dm":0.48,"fwi":3.9,"ndmi":-0.0194,"dry":2.74,"inc":0.4371,"ni":"Baja","acc":"Alerta preventiva","cp":"#F5F23B","cu":"#FAD899","ca":"#fee08b"}},{"type":"Feature","geometry":{"type":"Polygon","coordinates":[[[1.63323,42.45826],[1.63303,42.46726],[1.62087,42.46711],[1.62107,42.45811],[1.63323,42.45826]]]},"properties":{"id":"r3c17","np":4,"nombre":"Alto","dm":0.4891,"fwi":3.74,"ndmi":-0.0477,"dry":2.6,"inc":0.4422,"ni":"Baja","acc":"Alerta preventiva","cp":"#F5F23B","cu":"#FAD899","ca":"#fee08b"}},{"type":"Feature","geometry":{"type":"Polygon","coordinates":[[[1.64539,42.4584],[1.64519,42.46741],[1.63303,42.46726],[1.63323,42.45826],[1.64539,42.4584]]]},"properties":{"id":"r3c18","np":4,"nombre":"Alto","dm":0.4767,"fwi":3.74,"ndmi":-0.0136,"dry":2.6,"inc":0.442,"ni":"Baja","acc":"Alerta preventiva","cp":"#F5F23B","cu":"#FAD899","ca":"#fee08b"}},{"type":"Feature","geometry":{"type":"Polygon","coordinates":[[[1.65755,42.45854],[1.65736,42.46755],[1.64519,42.46741],[1.64539,42.4584],[1.65755,42.45854]]]},"properties":{"id":"r3c19","np":4,"nombre":"Alto","dm":0.4707,"fwi":3.64,"ndmi":-0.0186,"dry":2.94,"inc":0.4346,"ni":"Baja","acc":"Alerta preventiva","cp":"#F5F23B","cu":"#FAD899","ca":"#fee08b"}},{"type":"Feature","geometry":{"type":"Polygon","coordinates":[[[1.45063,42.46494],[1.45041,42.47394],[1.43825,42.47378],[1.43848,42.46477],[1.45063,42.46494]]]},"properties":{"id":"r4c2","np":2,"nombre":"Bajo","dm":0.3802,"fwi":6.43,"ndmi":0.3259,"dry":3.0,"inc":0.4516,"ni":"Media","acc":"Sin acción especial","cp":"#6EC8F0","cu":"#EA9020","ca":"#1a9850"}},{"type":"Feature","geometry":{"type":"Polygon","coordinates":[[[1.46279,42.4651],[1.46257,42.47411],[1.45041,42.47394],[1.45063,42.46494],[1.46279,42.4651]]]},"properties":{"id":"r4c3","np":5,"nombre":"Muy alto","dm":0.5652,"fwi":18.62,"ndmi":0.3468,"dry":5.6,"inc":0.6141,"ni":"Alta","acc":"Vigilancia + verificación campo","cp":"#DE8631","cu":"#C0392B","ca":"#d73027"}},{"type":"Feature","geometry":{"type":"Polygon","coordinates":[[[1.47495,42.46527],[1.47473,42.47427],[1.46257,42.47411],[1.46279,42.4651],[1.47495,42.46527]]]},"properties":{"id":"r4c4","np":5,"nombre":"Muy alto","dm":0.5944,"fwi":18.62,"ndmi":0.2774,"dry":5.6,"inc":0.6137,"ni":"Alta","acc":"Vigilancia + verificación campo","cp":"#DE8631","cu":"#C0392B","ca":"#d73027"}},{"type":"Feature","geometry":{"type":"Polygon","coordinates":[[[1.48711,42.46543],[1.4869,42.47443],[1.47473,42.47427],[1.47495,42.46527],[1.48711,42.46543]]]},"properties":{"id":"r4c5","np":5,"nombre":"Muy alto","dm":0.6107,"fwi":18.62,"ndmi":0.2416,"dry":5.6,"inc":0.6143,"ni":"Alta","acc":"Vigilancia + verificación campo","cp":"#DE8631","cu":"#C0392B","ca":"#d73027"}},{"type":"Feature","geometry":{"type":"Polygon","coordinates":[[[1.49927,42.46559],[1.49906,42.47459],[1.4869,42.47443],[1.48711,42.46543],[1.49927,42.46559]]]},"properties":{"id":"r4c6","np":6,"nombre":"Extremo","dm":0.6494,"fwi":18.62,"ndmi":0.1568,"dry":5.6,"inc":0.6141,"ni":"Alta","acc":"Vigilancia + verificación campo","cp":"#D92B20","cu":"#C0392B","ca":"#d73027"}},{"type":"Feature","geometry":{"type":"Polygon","coordinates":[[[1.51143,42.46575],[1.51122,42.47475],[1.49906,42.47459],[1.49927,42.46559],[1.51143,42.46575]]]},"properties":{"id":"r4c7","np":5,"nombre":"Muy alto","dm":0.6138,"fwi":18.62,"ndmi":0.2348,"dry":5.6,"inc":0.6147,"ni":"Alta","acc":"Vigilancia + verificación campo","cp":"#DE8631","cu":"#C0392B","ca":"#d73027"}},{"type":"Feature","geometry":{"type":"Polygon","coordinates":[[[1.52359,42.4659],[1.52338,42.47491],[1.51122,42.47475],[1.51143,42.46575],[1.52359,42.4659]]]},"properties":{"id":"r4c8","np":5,"nombre":"Muy alto","dm":0.6051,"fwi":18.62,"ndmi":0.254,"dry":5.6,"inc":0.6137,"ni":"Alta","acc":"Vigilancia + verificación campo","cp":"#DE8631","cu":"#C0392B","ca":"#d73027"}},{"type":"Feature","geometry":{"type":"Polygon","coordinates":[[[1.53575,42.46606],[1.53554,42.47506],[1.52338,42.47491],[1.52359,42.4659],[1.53575,42.46606]]]},"properties":{"id":"r4c9","np":5,"nombre":"Muy alto","dm":0.627,"fwi":18.62,"ndmi":0.2058,"dry":5.6,"inc":0.6144,"ni":"Alta","acc":"Vigilancia + verificación campo","cp":"#DE8631","cu":"#C0392B","ca":"#d73027"}},{"type":"Feature","geometry":{"type":"Polygon","coordinates":[[[1.54791,42.46621],[1.5477,42.47522],[1.53554,42.47506],[1.53575,42.46606],[1.54791,42.46621]]]},"properties":{"id":"r4c10","np":6,"nombre":"Extremo","dm":0.7416,"fwi":18.62,"ndmi":-0.055,"dry":5.6,"inc":0.6177,"ni":"Alta","acc":"Vigilancia + verificación campo","cp":"#D92B20","cu":"#C0392B","ca":"#d73027"}},{"type":"Feature","geometry":{"type":"Polygon","coordinates":[[[1.56007,42.46637],[1.55986,42.47537],[1.5477,42.47522],[1.54791,42.46621],[1.56007,42.46637]]]},"properties":{"id":"r4c11","np":3,"nombre":"Moderado","dm":0.4464,"fwi":3.74,"ndmi":0.0576,"dry":2.6,"inc":0.4416,"ni":"Baja","acc":"Monitorización rutinaria","cp":"#6FCE44","cu":"#FAD899","ca":"#a6d96a"}},{"type":"Feature","geometry":{"type":"Polygon","coordinates":[[[1.57223,42.46652],[1.57203,42.47552],[1.55986,42.47537],[1.56007,42.46637],[1.57223,42.46652]]]},"properties":{"id":"r4c12","np":3,"nombre":"Moderado","dm":0.415,"fwi":3.74,"ndmi":0.1264,"dry":2.6,"inc":0.4411,"ni":"Baja","acc":"Monitorización rutinaria","cp":"#6FCE44","cu":"#FAD899","ca":"#a6d96a"}},{"type":"Feature","geometry":{"type":"Polygon","coordinates":[[[1.58439,42.46667],[1.58419,42.47567],[1.57203,42.47552],[1.57223,42.46652],[1.58439,42.46667]]]},"properties":{"id":"r4c13","np":3,"nombre":"Moderado","dm":0.4249,"fwi":3.74,"ndmi":0.1046,"dry":2.6,"inc":0.4415,"ni":"Baja","acc":"Monitorización rutinaria","cp":"#6FCE44","cu":"#FAD899","ca":"#a6d96a"}},{"type":"Feature","geometry":{"type":"Polygon","coordinates":[[[1.59655,42.46682],[1.59635,42.47582],[1.58419,42.47567],[1.58439,42.46667],[1.59655,42.46682]]]},"properties":{"id":"r4c14","np":3,"nombre":"Moderado","dm":0.4438,"fwi":3.74,"ndmi":0.0631,"dry":2.6,"inc":0.4413,"ni":"Baja","acc":"Monitorización rutinaria","cp":"#6FCE44","cu":"#FAD899","ca":"#a6d96a"}},{"type":"Feature","geometry":{"type":"Polygon","coordinates":[[[1.60871,42.46697],[1.60851,42.47597],[1.59635,42.47582],[1.59655,42.46682],[1.60871,42.46697]]]},"properties":{"id":"r4c15","np":4,"nombre":"Alto","dm":0.4764,"fwi":3.74,"ndmi":-0.009,"dry":2.6,"inc":0.4417,"ni":"Baja","acc":"Alerta preventiva","cp":"#F5F23B","cu":"#FAD899","ca":"#fee08b"}},{"type":"Feature","geometry":{"type":"Polygon","coordinates":[[[1.62087,42.46711],[1.62068,42.47612],[1.60851,42.47597],[1.60871,42.46697],[1.62087,42.46711]]]},"properties":{"id":"r4c16","np":4,"nombre":"Alto","dm":0.4817,"fwi":3.74,"ndmi":-0.0202,"dry":2.6,"inc":0.4415,"ni":"Baja","acc":"Alerta preventiva","cp":"#F5F23B","cu":"#FAD899","ca":"#fee08b"}},{"type":"Feature","geometry":{"type":"Polygon","coordinates":[[[1.63303,42.46726],[1.63284,42.47626],[1.62068,42.47612],[1.62087,42.46711],[1.63303,42.46726]]]},"properties":{"id":"r4c17","np":4,"nombre":"Alto","dm":0.4783,"fwi":3.74,"ndmi":-0.0131,"dry":2.6,"inc":0.4419,"ni":"Baja","acc":"Alerta preventiva","cp":"#F5F23B","cu":"#FAD899","ca":"#fee08b"}},{"type":"Feature","geometry":{"type":"Polygon","coordinates":[[[1.64519,42.46741],[1.645,42.47641],[1.63284,42.47626],[1.63303,42.46726],[1.64519,42.46741]]]},"properties":{"id":"r4c18","np":4,"nombre":"Alto","dm":0.4766,"fwi":3.74,"ndmi":-0.009,"dry":2.6,"inc":0.4413,"ni":"Baja","acc":"Alerta preventiva","cp":"#F5F23B","cu":"#FAD899","ca":"#fee08b"}},{"type":"Feature","geometry":{"type":"Polygon","coordinates":[[[1.65736,42.46755],[1.65716,42.47655],[1.645,42.47641],[1.64519,42.46741],[1.65736,42.46755]]]},"properties":{"id":"r4c19","np":4,"nombre":"Alto","dm":0.4898,"fwi":3.47,"ndmi":-0.0808,"dry":2.79,"inc":0.4403,"ni":"Baja","acc":"Alerta preventiva","cp":"#F5F23B","cu":"#FAD899","ca":"#fee08b"}},{"type":"Feature","geometry":{"type":"Polygon","coordinates":[[[1.66952,42.46769],[1.66933,42.47669],[1.65716,42.47655],[1.65736,42.46755],[1.66952,42.46769]]]},"properties":{"id":"r4c20","np":4,"nombre":"Alto","dm":0.4896,"fwi":3.47,"ndmi":-0.0878,"dry":2.79,"inc":0.4398,"ni":"Baja","acc":"Alerta preventiva","cp":"#F5F23B","cu":"#FAD899","ca":"#fee08b"}},{"type":"Feature","geometry":{"type":"Polygon","coordinates":[[[1.43825,42.47378],[1.43803,42.48278],[1.42586,42.48261],[1.42609,42.47361],[1.43825,42.47378]]]},"properties":{"id":"r5c1","np":4,"nombre":"Alto","dm":0.4797,"fwi":6.14,"ndmi":0.0967,"dry":2.85,"inc":0.4507,"ni":"Media","acc":"Alerta preventiva","cp":"#F5F23B","cu":"#EA9020","ca":"#fee08b"}},{"type":"Feature","geometry":{"type":"Polygon","coordinates":[[[1.45041,42.47394],[1.45019,42.48294],[1.43803,42.48278],[1.43825,42.47378],[1.45041,42.47394]]]},"properties":{"id":"r5c2","np":3,"nombre":"Moderado","dm":0.4006,"fwi":6.43,"ndmi":0.2811,"dry":3.0,"inc":0.4516,"ni":"Media","acc":"Monitorización rutinaria","cp":"#6FCE44","cu":"#EA9020","ca":"#a6d96a"}},{"type":"Feature","geometry":{"type":"Polygon","coordinates":[[[1.46257,42.47411],[1.46235,42.48311],[1.45019,42.48294],[1.45041,42.47394],[1.46257,42.47411]]]},"properties":{"id":"r5c3","np":5,"nombre":"Muy alto","dm":0.6111,"fwi":18.62,"ndmi":0.2409,"dry":5.6,"inc":0.6147,"ni":"Alta","acc":"Vigilancia + verificación campo","cp":"#DE8631","cu":"#C0392B","ca":"#d73027"}},{"type":"Feature","geometry":{"type":"Polygon","coordinates":[[[1.47473,42.47427],[1.47452,42.48327],[1.46235,42.48311],[1.46257,42.47411],[1.47473,42.47427]]]},"properties":{"id":"r5c4","np":6,"nombre":"Extremo","dm":0.6413,"fwi":18.62,"ndmi":0.1744,"dry":5.6,"inc":0.6133,"ni":"Alta","acc":"Vigilancia + verificación campo","cp":"#D92B20","cu":"#C0392B","ca":"#d73027"}},{"type":"Feature","geometry":{"type":"Polygon","coordinates":[[[1.4869,42.47443],[1.48668,42.48343],[1.47452,42.48327],[1.47473,42.47427],[1.4869,42.47443]]]},"properties":{"id":"r5c5","np":6,"nombre":"Extremo","dm":0.6505,"fwi":18.62,"ndmi":0.1544,"dry":5.6,"inc":0.6137,"ni":"Alta","acc":"Vigilancia + verificación campo","cp":"#D92B20","cu":"#C0392B","ca":"#d73027"}},{"type":"Feature","geometry":{"type":"Polygon","coordinates":[[[1.49906,42.47459],[1.49884,42.48359],[1.48668,42.48343],[1.4869,42.47443],[1.49906,42.47459]]]},"properties":{"id":"r5c6","np":5,"nombre":"Muy alto","dm":0.6151,"fwi":18.62,"ndmi":0.2321,"dry":5.6,"inc":0.6148,"ni":"Alta","acc":"Vigilancia + verificación campo","cp":"#DE8631","cu":"#C0392B","ca":"#d73027"}},{"type":"Feature","geometry":{"type":"Polygon","coordinates":[[[1.51122,42.47475],[1.511,42.48375],[1.49884,42.48359],[1.49906,42.47459],[1.51122,42.47475]]]},"properties":{"id":"r5c7","np":5,"nombre":"Muy alto","dm":0.6037,"fwi":18.62,"ndmi":0.257,"dry":5.6,"inc":0.615,"ni":"Alta","acc":"Vigilancia + verificación campo","cp":"#DE8631","cu":"#C0392B","ca":"#d73027"}},{"type":"Feature","geometry":{"type":"Polygon","coordinates":[[[1.52338,42.47491],[1.52317,42.48391],[1.511,42.48375],[1.51122,42.47475],[1.52338,42.47491]]]},"properties":{"id":"r5c8","np":5,"nombre":"Muy alto","dm":0.6015,"fwi":18.62,"ndmi":0.2619,"dry":5.6,"inc":0.6136,"ni":"Alta","acc":"Vigilancia + verificación campo","cp":"#DE8631","cu":"#C0392B","ca":"#d73027"}},{"type":"Feature","geometry":{"type":"Polygon","coordinates":[[[1.53554,42.47506],[1.53533,42.48406],[1.52317,42.48391],[1.52338,42.47491],[1.53554,42.47506]]]},"properties":{"id":"r5c9","np":5,"nombre":"Muy alto","dm":0.6094,"fwi":18.62,"ndmi":0.2446,"dry":5.6,"inc":0.6139,"ni":"Alta","acc":"Vigilancia + verificación campo","cp":"#DE8631","cu":"#C0392B","ca":"#d73027"}},{"type":"Feature","geometry":{"type":"Polygon","coordinates":[[[1.5477,42.47522],[1.54749,42.48422],[1.53533,42.48406],[1.53554,42.47506],[1.5477,42.47522]]]},"properties":{"id":"r5c10","np":6,"nombre":"Extremo","dm":0.6513,"fwi":18.62,"ndmi":0.1526,"dry":5.6,"inc":0.6155,"ni":"Alta","acc":"Vigilancia + verificación campo","cp":"#D92B20","cu":"#C0392B","ca":"#d73027"}},{"type":"Feature","geometry":{"type":"Polygon","coordinates":[[[1.55986,42.47537],[1.55966,42.48437],[1.54749,42.48422],[1.5477,42.47522],[1.55986,42.47537]]]},"properties":{"id":"r5c11","np":3,"nombre":"Moderado","dm":0.4113,"fwi":3.74,"ndmi":0.1346,"dry":2.6,"inc":0.4415,"ni":"Baja","acc":"Monitorización rutinaria","cp":"#6FCE44","cu":"#FAD899","ca":"#a6d96a"}},{"type":"Feature","geometry":{"type":"Polygon","coordinates":[[[1.57203,42.47552],[1.57182,42.48453],[1.55966,42.48437],[1.55986,42.47537],[1.57203,42.47552]]]},"properties":{"id":"r5c12","np":2,"nombre":"Bajo","dm":0.3776,"fwi":3.74,"ndmi":0.2085,"dry":2.6,"inc":0.4406,"ni":"Baja","acc":"Sin acción especial","cp":"#6EC8F0","cu":"#FAD899","ca":"#1a9850"}},{"type":"Feature","geometry":{"type":"Polygon","coordinates":[[[1.58419,42.47567],[1.58399,42.48468],[1.57182,42.48453],[1.57203,42.47552],[1.58419,42.47567]]]},"properties":{"id":"r5c13","np":3,"nombre":"Moderado","dm":0.3827,"fwi":3.74,"ndmi":0.1974,"dry":2.6,"inc":0.4418,"ni":"Baja","acc":"Monitorización rutinaria","cp":"#6FCE44","cu":"#FAD899","ca":"#a6d96a"}},{"type":"Feature","geometry":{"type":"Polygon","coordinates":[[[1.59635,42.47582],[1.59615,42.48483],[1.58399,42.48468],[1.58419,42.47567],[1.59635,42.47582]]]},"properties":{"id":"r5c14","np":3,"nombre":"Moderado","dm":0.4229,"fwi":3.74,"ndmi":0.1092,"dry":2.6,"inc":0.4411,"ni":"Baja","acc":"Monitorización rutinaria","cp":"#6FCE44","cu":"#FAD899","ca":"#a6d96a"}},{"type":"Feature","geometry":{"type":"Polygon","coordinates":[[[1.60851,42.47597],[1.60831,42.48497],[1.59615,42.48483],[1.59635,42.47582],[1.60851,42.47597]]]},"properties":{"id":"r5c15","np":3,"nombre":"Moderado","dm":0.4446,"fwi":3.74,"ndmi":0.0606,"dry":2.6,"inc":0.4411,"ni":"Baja","acc":"Monitorización rutinaria","cp":"#6FCE44","cu":"#FAD899","ca":"#a6d96a"}},{"type":"Feature","geometry":{"type":"Polygon","coordinates":[[[1.62068,42.47612],[1.62048,42.48512],[1.60831,42.48497],[1.60851,42.47597],[1.62068,42.47612]]]},"properties":{"id":"r5c16","np":3,"nombre":"Moderado","dm":0.3938,"fwi":3.74,"ndmi":0.173,"dry":2.6,"inc":0.441,"ni":"Baja","acc":"Monitorización rutinaria","cp":"#6FCE44","cu":"#FAD899","ca":"#a6d96a"}},{"type":"Feature","geometry":{"type":"Polygon","coordinates":[[[1.63284,42.47626],[1.63264,42.48527],[1.62048,42.48512],[1.62068,42.47612],[1.63284,42.47626]]]},"properties":{"id":"r5c17","np":3,"nombre":"Moderado","dm":0.4076,"fwi":3.74,"ndmi":0.1426,"dry":2.6,"inc":0.4421,"ni":"Baja","acc":"Monitorización rutinaria","cp":"#6FCE44","cu":"#FAD899","ca":"#a6d96a"}},{"type":"Feature","geometry":{"type":"Polygon","coordinates":[[[1.645,42.47641],[1.64481,42.48541],[1.63264,42.48527],[1.63284,42.47626],[1.645,42.47641]]]},"properties":{"id":"r5c18","np":3,"nombre":"Moderado","dm":0.407,"fwi":3.74,"ndmi":0.1439,"dry":2.6,"inc":0.4419,"ni":"Baja","acc":"Monitorización rutinaria","cp":"#6FCE44","cu":"#FAD899","ca":"#a6d96a"}},{"type":"Feature","geometry":{"type":"Polygon","coordinates":[[[1.65716,42.47655],[1.65697,42.48556],[1.64481,42.48541],[1.645,42.47641],[1.65716,42.47655]]]},"properties":{"id":"r5c19","np":3,"nombre":"Moderado","dm":0.4441,"fwi":3.31,"ndmi":0.0351,"dry":2.65,"inc":0.437,"ni":"Baja","acc":"Monitorización rutinaria","cp":"#6FCE44","cu":"#FAD899","ca":"#a6d96a"}},{"type":"Feature","geometry":{"type":"Polygon","coordinates":[[[1.66933,42.47669],[1.66913,42.4857],[1.65697,42.48556],[1.65716,42.47655],[1.66933,42.47669]]]},"properties":{"id":"r5c20","np":4,"nombre":"Alto","dm":0.4688,"fwi":3.47,"ndmi":-0.0148,"dry":2.79,"inc":0.4399,"ni":"Baja","acc":"Alerta preventiva","cp":"#F5F23B","cu":"#FAD899","ca":"#fee08b"}},{"type":"Feature","geometry":{"type":"Polygon","coordinates":[[[1.42586,42.48261],[1.42564,42.49162],[1.41347,42.49145],[1.4137,42.48245],[1.42586,42.48261]]]},"properties":{"id":"r6c0","np":2,"nombre":"Bajo","dm":0.3806,"fwi":6.14,"ndmi":0.3149,"dry":2.85,"inc":0.4499,"ni":"Media","acc":"Sin acción especial","cp":"#6EC8F0","cu":"#EA9020","ca":"#1a9850"}},{"type":"Feature","geometry":{"type":"Polygon","coordinates":[[[1.43803,42.48278],[1.4378,42.49178],[1.42564,42.49162],[1.42586,42.48261],[1.43803,42.48278]]]},"properties":{"id":"r6c1","np":2,"nombre":"Bajo","dm":0.3795,"fwi":6.14,"ndmi":0.3178,"dry":2.85,"inc":0.4499,"ni":"Media","acc":"Sin acción especial","cp":"#6EC8F0","cu":"#EA9020","ca":"#1a9850"}},{"type":"Feature","geometry":{"type":"Polygon","coordinates":[[[1.45019,42.48294],[1.44997,42.49195],[1.4378,42.49178],[1.43803,42.48278],[1.45019,42.48294]]]},"properties":{"id":"r6c2","np":4,"nombre":"Alto","dm":0.4654,"fwi":6.43,"ndmi":0.1387,"dry":3.0,"inc":0.4521,"ni":"Media","acc":"Alerta preventiva","cp":"#F5F23B","cu":"#EA9020","ca":"#fee08b"}},{"type":"Feature","geometry":{"type":"Polygon","coordinates":[[[1.46235,42.48311],[1.46213,42.49211],[1.44997,42.49195],[1.45019,42.48294],[1.46235,42.48311]]]},"properties":{"id":"r6c3","np":6,"nombre":"Extremo","dm":0.6723,"fwi":19.1,"ndmi":0.105,"dry":5.89,"inc":0.6201,"ni":"Alta","acc":"Vigilancia + verificación campo","cp":"#D92B20","cu":"#C0392B","ca":"#d73027"}},{"type":"Feature","geometry":{"type":"Polygon","coordinates":[[[1.47452,42.48327],[1.4743,42.49227],[1.46213,42.49211],[1.46235,42.48311],[1.47452,42.48327]]]},"properties":{"id":"r6c4","np":6,"nombre":"Extremo","dm":0.6381,"fwi":18.62,"ndmi":0.1815,"dry":5.6,"inc":0.6132,"ni":"Alta","acc":"Vigilancia + verificación campo","cp":"#D92B20","cu":"#C0392B","ca":"#d73027"}},{"type":"Feature","geometry":{"type":"Polygon","coordinates":[[[1.48668,42.48343],[1.48646,42.49244],[1.4743,42.49227],[1.47452,42.48327],[1.48668,42.48343]]]},"properties":{"id":"r6c5","np":6,"nombre":"Extremo","dm":0.6475,"fwi":18.62,"ndmi":0.1608,"dry":5.6,"inc":0.6142,"ni":"Alta","acc":"Vigilancia + verificación campo","cp":"#D92B20","cu":"#C0392B","ca":"#d73027"}},{"type":"Feature","geometry":{"type":"Polygon","coordinates":[[[1.49884,42.48359],[1.49863,42.4926],[1.48646,42.49244],[1.48668,42.48343],[1.49884,42.48359]]]},"properties":{"id":"r6c6","np":6,"nombre":"Extremo","dm":0.6495,"fwi":18.62,"ndmi":0.1566,"dry":5.6,"inc":0.6142,"ni":"Alta","acc":"Vigilancia + verificación campo","cp":"#D92B20","cu":"#C0392B","ca":"#d73027"}},{"type":"Feature","geometry":{"type":"Polygon","coordinates":[[[1.511,42.48375],[1.51079,42.49275],[1.49863,42.4926],[1.49884,42.48359],[1.511,42.48375]]]},"properties":{"id":"r6c7","np":5,"nombre":"Muy alto","dm":0.5785,"fwi":18.62,"ndmi":0.3123,"dry":5.6,"inc":0.615,"ni":"Alta","acc":"Vigilancia + verificación campo","cp":"#DE8631","cu":"#C0392B","ca":"#d73027"}},{"type":"Feature","geometry":{"type":"Polygon","coordinates":[[[1.52317,42.48391],[1.52296,42.49291],[1.51079,42.49275],[1.511,42.48375],[1.52317,42.48391]]]},"properties":{"id":"r6c8","np":5,"nombre":"Muy alto","dm":0.5602,"fwi":18.62,"ndmi":0.3739,"dry":5.6,"inc":0.6141,"ni":"Alta","acc":"Vigilancia + verificación campo","cp":"#DE8631","cu":"#C0392B","ca":"#d73027"}},{"type":"Feature","geometry":{"type":"Polygon","coordinates":[[[1.53533,42.48406],[1.53512,42.49307],[1.52296,42.49291],[1.52317,42.48391],[1.53533,42.48406]]]},"properties":{"id":"r6c9","np":5,"nombre":"Muy alto","dm":0.559,"fwi":18.62,"ndmi":0.3789,"dry":5.6,"inc":0.6145,"ni":"Alta","acc":"Vigilancia + verificación campo","cp":"#DE8631","cu":"#C0392B","ca":"#d73027"}},{"type":"Feature","geometry":{"type":"Polygon","coordinates":[[[1.54749,42.48422],[1.54729,42.49322],[1.53512,42.49307],[1.53533,42.48406],[1.54749,42.48422]]]},"properties":{"id":"r6c10","np":5,"nombre":"Muy alto","dm":0.6115,"fwi":18.62,"ndmi":0.2399,"dry":5.6,"inc":0.6139,"ni":"Alta","acc":"Vigilancia + verificación campo","cp":"#DE8631","cu":"#C0392B","ca":"#d73027"}},{"type":"Feature","geometry":{"type":"Polygon","coordinates":[[[1.55966,42.48437],[1.55945,42.49338],[1.54729,42.49322],[1.54749,42.48422],[1.55966,42.48437]]]},"properties":{"id":"r6c11","np":2,"nombre":"Bajo","dm":0.3673,"fwi":3.74,"ndmi":0.2312,"dry":2.6,"inc":0.4413,"ni":"Baja","acc":"Sin acción especial","cp":"#6EC8F0","cu":"#FAD899","ca":"#1a9850"}},{"type":"Feature","geometry":{"type":"Polygon","coordinates":[[[1.57182,42.48453],[1.57162,42.49353],[1.55945,42.49338],[1.55966,42.48437],[1.57182,42.48453]]]},"properties":{"id":"r6c12","np":2,"nombre":"Bajo","dm":0.3535,"fwi":3.74,"ndmi":0.2615,"dry":2.6,"inc":0.4412,"ni":"Baja","acc":"Sin acción especial","cp":"#6EC8F0","cu":"#FAD899","ca":"#1a9850"}},{"type":"Feature","geometry":{"type":"Polygon","coordinates":[[[1.58399,42.48468],[1.58378,42.49368],[1.57162,42.49353],[1.57182,42.48453],[1.58399,42.48468]]]},"properties":{"id":"r6c13","np":2,"nombre":"Bajo","dm":0.3257,"fwi":3.74,"ndmi":0.3236,"dry":2.6,"inc":0.4411,"ni":"Baja","acc":"Sin acción especial","cp":"#6EC8F0","cu":"#FAD899","ca":"#1a9850"}},{"type":"Feature","geometry":{"type":"Polygon","coordinates":[[[1.59615,42.48483],[1.59595,42.49383],[1.58378,42.49368],[1.58399,42.48468],[1.59615,42.48483]]]},"properties":{"id":"r6c14","np":2,"nombre":"Bajo","dm":0.3625,"fwi":3.74,"ndmi":0.2417,"dry":2.6,"inc":0.4412,"ni":"Baja","acc":"Sin acción especial","cp":"#6EC8F0","cu":"#FAD899","ca":"#1a9850"}},{"type":"Feature","geometry":{"type":"Polygon","coordinates":[[[1.60831,42.48497],[1.60811,42.49398],[1.59595,42.49383],[1.59615,42.48483],[1.60831,42.48497]]]},"properties":{"id":"r6c15","np":3,"nombre":"Moderado","dm":0.3919,"fwi":3.74,"ndmi":0.1772,"dry":2.6,"inc":0.4428,"ni":"Baja","acc":"Monitorización rutinaria","cp":"#6FCE44","cu":"#FAD899","ca":"#a6d96a"}},{"type":"Feature","geometry":{"type":"Polygon","coordinates":[[[1.62048,42.48512],[1.62028,42.49412],[1.60811,42.49398],[1.60831,42.48497],[1.62048,42.48512]]]},"properties":{"id":"r6c16","np":3,"nombre":"Moderado","dm":0.4007,"fwi":3.74,"ndmi":0.1578,"dry":2.6,"inc":0.442,"ni":"Baja","acc":"Monitorización rutinaria","cp":"#6FCE44","cu":"#FAD899","ca":"#a6d96a"}},{"type":"Feature","geometry":{"type":"Polygon","coordinates":[[[1.63264,42.48527],[1.63245,42.49427],[1.62028,42.49412],[1.62048,42.48512],[1.63264,42.48527]]]},"properties":{"id":"r6c17","np":3,"nombre":"Moderado","dm":0.4253,"fwi":3.74,"ndmi":0.1039,"dry":2.6,"inc":0.4414,"ni":"Baja","acc":"Monitorización rutinaria","cp":"#6FCE44","cu":"#FAD899","ca":"#a6d96a"}},{"type":"Feature","geometry":{"type":"Polygon","coordinates":[[[1.64481,42.48541],[1.64461,42.49442],[1.63245,42.49427],[1.63264,42.48527],[1.64481,42.48541]]]},"properties":{"id":"r6c18","np":3,"nombre":"Moderado","dm":0.4354,"fwi":3.74,"ndmi":0.0816,"dry":2.6,"inc":0.4412,"ni":"Baja","acc":"Monitorización rutinaria","cp":"#6FCE44","cu":"#FAD899","ca":"#a6d96a"}},{"type":"Feature","geometry":{"type":"Polygon","coordinates":[[[1.65697,42.48556],[1.65678,42.49456],[1.64461,42.49442],[1.64481,42.48541],[1.65697,42.48556]]]},"properties":{"id":"r6c19","np":3,"nombre":"Moderado","dm":0.4139,"fwi":3.31,"ndmi":0.1014,"dry":2.65,"inc":0.4374,"ni":"Baja","acc":"Monitorización rutinaria","cp":"#6FCE44","cu":"#FAD899","ca":"#a6d96a"}},{"type":"Feature","geometry":{"type":"Polygon","coordinates":[[[1.66913,42.4857],[1.66894,42.4947],[1.65678,42.49456],[1.65697,42.48556],[1.66913,42.4857]]]},"properties":{"id":"r6c20","np":3,"nombre":"Moderado","dm":0.4234,"fwi":3.31,"ndmi":0.0807,"dry":2.65,"inc":0.4371,"ni":"Baja","acc":"Monitorización rutinaria","cp":"#6FCE44","cu":"#FAD899","ca":"#a6d96a"}},{"type":"Feature","geometry":{"type":"Polygon","coordinates":[[[1.69346,42.48598],[1.69328,42.49498],[1.68111,42.49484],[1.6813,42.48584],[1.69346,42.48598]]]},"properties":{"id":"r6c22","np":3,"nombre":"Moderado","dm":0.3971,"fwi":3.47,"ndmi":0.1471,"dry":2.79,"inc":0.4398,"ni":"Baja","acc":"Monitorización rutinaria","cp":"#6FCE44","cu":"#FAD899","ca":"#a6d96a"}},{"type":"Feature","geometry":{"type":"Polygon","coordinates":[[[1.70563,42.48611],[1.70544,42.49512],[1.69328,42.49498],[1.69346,42.48598],[1.70563,42.48611]]]},"properties":{"id":"r6c23","np":3,"nombre":"Moderado","dm":0.4093,"fwi":3.31,"ndmi":0.1099,"dry":2.65,"inc":0.4379,"ni":"Baja","acc":"Monitorización rutinaria","cp":"#6FCE44","cu":"#FAD899","ca":"#a6d96a"}},{"type":"Feature","geometry":{"type":"Polygon","coordinates":[[[1.71779,42.48625],[1.71761,42.49526],[1.70544,42.49512],[1.70563,42.48611],[1.71779,42.48625]]]},"properties":{"id":"r6c24","np":3,"nombre":"Moderado","dm":0.4004,"fwi":3.31,"ndmi":0.1311,"dry":2.65,"inc":0.4376,"ni":"Baja","acc":"Monitorización rutinaria","cp":"#6FCE44","cu":"#FAD899","ca":"#a6d96a"}},{"type":"Feature","geometry":{"type":"Polygon","coordinates":[[[1.4378,42.49178],[1.43758,42.50078],[1.42541,42.50062],[1.42564,42.49162],[1.4378,42.49178]]]},"properties":{"id":"r7c1","np":3,"nombre":"Moderado","dm":0.3979,"fwi":6.14,"ndmi":0.2788,"dry":2.85,"inc":0.4506,"ni":"Media","acc":"Monitorización rutinaria","cp":"#6FCE44","cu":"#EA9020","ca":"#a6d96a"}},{"type":"Feature","geometry":{"type":"Polygon","coordinates":[[[1.44997,42.49195],[1.44975,42.50095],[1.43758,42.50078],[1.4378,42.49178],[1.44997,42.49195]]]},"properties":{"id":"r7c2","np":3,"nombre":"Moderado","dm":0.4372,"fwi":6.14,"ndmi":0.1899,"dry":2.85,"inc":0.4504,"ni":"Media","acc":"Monitorización rutinaria","cp":"#6FCE44","cu":"#EA9020","ca":"#a6d96a"}},{"type":"Feature","geometry":{"type":"Polygon","coordinates":[[[1.46213,42.49211],[1.46191,42.50111],[1.44975,42.50095],[1.44997,42.49195],[1.46213,42.49211]]]},"properties":{"id":"r7c3","np":6,"nombre":"Extremo","dm":0.6611,"fwi":18.62,"ndmi":0.1326,"dry":5.6,"inc":0.6148,"ni":"Alta","acc":"Vigilancia + verificación campo","cp":"#D92B20","cu":"#C0392B","ca":"#d73027"}},{"type":"Feature","geometry":{"type":"Polygon","coordinates":[[[1.4743,42.49227],[1.47408,42.50128],[1.46191,42.50111],[1.46213,42.49211],[1.4743,42.49227]]]},"properties":{"id":"r7c4","np":6,"nombre":"Extremo","dm":0.6511,"fwi":19.1,"ndmi":0.1514,"dry":5.89,"inc":0.62,"ni":"Alta","acc":"Vigilancia + verificación campo","cp":"#D92B20","cu":"#C0392B","ca":"#d73027"}},{"type":"Feature","geometry":{"type":"Polygon","coordinates":[[[1.48646,42.49244],[1.48624,42.50144],[1.47408,42.50128],[1.4743,42.49227],[1.48646,42.49244]]]},"properties":{"id":"r7c5","np":5,"nombre":"Muy alto","dm":0.6171,"fwi":19.1,"ndmi":0.2261,"dry":5.89,"inc":0.619,"ni":"Alta","acc":"Vigilancia + verificación campo","cp":"#DE8631","cu":"#C0392B","ca":"#d73027"}},{"type":"Feature","geometry":{"type":"Polygon","coordinates":[[[1.49863,42.4926],[1.49841,42.5016],[1.48624,42.50144],[1.48646,42.49244],[1.49863,42.4926]]]},"properties":{"id":"r7c6","np":6,"nombre":"Extremo","dm":0.6555,"fwi":18.62,"ndmi":0.1433,"dry":5.6,"inc":0.6136,"ni":"Alta","acc":"Vigilancia + verificación campo","cp":"#D92B20","cu":"#C0392B","ca":"#d73027"}},{"type":"Feature","geometry":{"type":"Polygon","coordinates":[[[1.51079,42.49275],[1.51058,42.50176],[1.49841,42.5016],[1.49863,42.4926],[1.51079,42.49275]]]},"properties":{"id":"r7c7","np":6,"nombre":"Extremo","dm":0.6657,"fwi":18.62,"ndmi":0.1209,"dry":5.6,"inc":0.6154,"ni":"Alta","acc":"Vigilancia + verificación campo","cp":"#D92B20","cu":"#C0392B","ca":"#d73027"}},{"type":"Feature","geometry":{"type":"Polygon","coordinates":[[[1.52296,42.49291],[1.52274,42.50191],[1.51058,42.50176],[1.51079,42.49275],[1.52296,42.49291]]]},"properties":{"id":"r7c8","np":5,"nombre":"Muy alto","dm":0.5973,"fwi":18.62,"ndmi":0.2712,"dry":5.6,"inc":0.6143,"ni":"Alta","acc":"Vigilancia + verificación campo","cp":"#DE8631","cu":"#C0392B","ca":"#d73027"}},{"type":"Feature","geometry":{"type":"Polygon","coordinates":[[[1.53512,42.49307],[1.53491,42.50207],[1.52274,42.50191],[1.52296,42.49291],[1.53512,42.49307]]]},"properties":{"id":"r7c9","np":5,"nombre":"Muy alto","dm":0.5956,"fwi":18.62,"ndmi":0.2749,"dry":5.6,"inc":0.6145,"ni":"Alta","acc":"Vigilancia + verificación campo","cp":"#DE8631","cu":"#C0392B","ca":"#d73027"}},{"type":"Feature","geometry":{"type":"Polygon","coordinates":[[[1.54729,42.49322],[1.54708,42.50223],[1.53491,42.50207],[1.53512,42.49307],[1.54729,42.49322]]]},"properties":{"id":"r7c10","np":5,"nombre":"Muy alto","dm":0.5985,"fwi":18.62,"ndmi":0.2684,"dry":5.6,"inc":0.6143,"ni":"Alta","acc":"Vigilancia + verificación campo","cp":"#DE8631","cu":"#C0392B","ca":"#d73027"}},{"type":"Feature","geometry":{"type":"Polygon","coordinates":[[[1.55945,42.49338],[1.55925,42.50238],[1.54708,42.50223],[1.54729,42.49322],[1.55945,42.49338]]]},"properties":{"id":"r7c11","np":2,"nombre":"Bajo","dm":0.3495,"fwi":3.74,"ndmi":0.2703,"dry":2.6,"inc":0.4408,"ni":"Baja","acc":"Sin acción especial","cp":"#6EC8F0","cu":"#FAD899","ca":"#1a9850"}},{"type":"Feature","geometry":{"type":"Polygon","coordinates":[[[1.57162,42.49353],[1.57141,42.50253],[1.55925,42.50238],[1.55945,42.49338],[1.57162,42.49353]]]},"properties":{"id":"r7c12","np":2,"nombre":"Bajo","dm":0.352,"fwi":3.74,"ndmi":0.2648,"dry":2.6,"inc":0.4418,"ni":"Baja","acc":"Sin acción especial","cp":"#6EC8F0","cu":"#FAD899","ca":"#1a9850"}},{"type":"Feature","geometry":{"type":"Polygon","coordinates":[[[1.58378,42.49368],[1.58358,42.50268],[1.57141,42.50253],[1.57162,42.49353],[1.58378,42.49368]]]},"properties":{"id":"r7c13","np":2,"nombre":"Bajo","dm":0.3543,"fwi":3.74,"ndmi":0.2598,"dry":2.6,"inc":0.4419,"ni":"Baja","acc":"Sin acción especial","cp":"#6EC8F0","cu":"#FAD899","ca":"#1a9850"}},{"type":"Feature","geometry":{"type":"Polygon","coordinates":[[[1.59595,42.49383],[1.59575,42.50283],[1.58358,42.50268],[1.58378,42.49368],[1.59595,42.49383]]]},"properties":{"id":"r7c14","np":2,"nombre":"Bajo","dm":0.3698,"fwi":3.74,"ndmi":0.2257,"dry":2.6,"inc":0.4423,"ni":"Baja","acc":"Sin acción especial","cp":"#6EC8F0","cu":"#FAD899","ca":"#1a9850"}},{"type":"Feature","geometry":{"type":"Polygon","coordinates":[[[1.60811,42.49398],[1.60791,42.50298],[1.59575,42.50283],[1.59595,42.49383],[1.60811,42.49398]]]},"properties":{"id":"r7c15","np":3,"nombre":"Moderado","dm":0.4026,"fwi":3.74,"ndmi":0.1538,"dry":2.6,"inc":0.4412,"ni":"Baja","acc":"Monitorización rutinaria","cp":"#6FCE44","cu":"#FAD899","ca":"#a6d96a"}},{"type":"Feature","geometry":{"type":"Polygon","coordinates":[[[1.62028,42.49412],[1.62008,42.50313],[1.60791,42.50298],[1.60811,42.49398],[1.62028,42.49412]]]},"properties":{"id":"r7c16","np":3,"nombre":"Moderado","dm":0.4406,"fwi":3.74,"ndmi":0.0703,"dry":2.6,"inc":0.4414,"ni":"Baja","acc":"Monitorización rutinaria","cp":"#6FCE44","cu":"#FAD899","ca":"#a6d96a"}},{"type":"Feature","geometry":{"type":"Polygon","coordinates":[[[1.63245,42.49427],[1.63225,42.50327],[1.62008,42.50313],[1.62028,42.49412],[1.63245,42.49427]]]},"properties":{"id":"r7c17","np":4,"nombre":"Alto","dm":0.471,"fwi":3.74,"ndmi":-0.0002,"dry":2.6,"inc":0.4418,"ni":"Baja","acc":"Alerta preventiva","cp":"#F5F23B","cu":"#FAD899","ca":"#fee08b"}},{"type":"Feature","geometry":{"type":"Polygon","coordinates":[[[1.64461,42.49442],[1.64442,42.50342],[1.63225,42.50327],[1.63245,42.49427],[1.64461,42.49442]]]},"properties":{"id":"r7c18","np":4,"nombre":"Alto","dm":0.4567,"fwi":3.89,"ndmi":0.0289,"dry":2.74,"inc":0.4386,"ni":"Baja","acc":"Alerta preventiva","cp":"#F5F23B","cu":"#FAD899","ca":"#fee08b"}},{"type":"Feature","geometry":{"type":"Polygon","coordinates":[[[1.65678,42.49456],[1.65658,42.50356],[1.64442,42.50342],[1.64461,42.49442],[1.65678,42.49456]]]},"properties":{"id":"r7c19","np":3,"nombre":"Moderado","dm":0.4401,"fwi":3.63,"ndmi":0.0486,"dry":2.94,"inc":0.4412,"ni":"Baja","acc":"Monitorización rutinaria","cp":"#6FCE44","cu":"#FAD899","ca":"#a6d96a"}},{"type":"Feature","geometry":{"type":"Polygon","coordinates":[[[1.66894,42.4947],[1.66875,42.5037],[1.65658,42.50356],[1.65678,42.49456],[1.66894,42.4947]]]},"properties":{"id":"r7c20","np":4,"nombre":"Alto","dm":0.4648,"fwi":3.58,"ndmi":-0.0258,"dry":2.76,"inc":0.4514,"ni":"Media","acc":"Alerta preventiva","cp":"#F5F23B","cu":"#EA9020","ca":"#fee08b"}},{"type":"Feature","geometry":{"type":"Polygon","coordinates":[[[1.68111,42.49484],[1.68092,42.50384],[1.66875,42.5037],[1.66894,42.4947],[1.68111,42.49484]]]},"properties":{"id":"r7c21","np":4,"nombre":"Alto","dm":0.4549,"fwi":3.41,"ndmi":0.0125,"dry":2.61,"inc":0.449,"ni":"Media","acc":"Alerta preventiva","cp":"#F5F23B","cu":"#EA9020","ca":"#fee08b"}},{"type":"Feature","geometry":{"type":"Polygon","coordinates":[[[1.69328,42.49498],[1.69309,42.50398],[1.68092,42.50384],[1.68111,42.49484],[1.69328,42.49498]]]},"properties":{"id":"r7c22","np":3,"nombre":"Moderado","dm":0.4293,"fwi":3.25,"ndmi":0.0611,"dry":2.47,"inc":0.446,"ni":"Baja","acc":"Monitorización rutinaria","cp":"#6FCE44","cu":"#FAD899","ca":"#a6d96a"}},{"type":"Feature","geometry":{"type":"Polygon","coordinates":[[[1.70544,42.49512],[1.70526,42.50412],[1.69309,42.50398],[1.69328,42.49498],[1.70544,42.49512]]]},"properties":{"id":"r7c23","np":3,"nombre":"Moderado","dm":0.4393,"fwi":3.31,"ndmi":0.0452,"dry":2.65,"inc":0.4368,"ni":"Baja","acc":"Monitorización rutinaria","cp":"#6FCE44","cu":"#FAD899","ca":"#a6d96a"}},{"type":"Feature","geometry":{"type":"Polygon","coordinates":[[[1.71761,42.49526],[1.71742,42.50426],[1.70526,42.50412],[1.70544,42.49512],[1.71761,42.49526]]]},"properties":{"id":"r7c24","np":4,"nombre":"Alto","dm":0.4471,"fwi":3.31,"ndmi":0.0286,"dry":2.65,"inc":0.4379,"ni":"Baja","acc":"Alerta preventiva","cp":"#F5F23B","cu":"#FAD899","ca":"#fee08b"}},{"type":"Feature","geometry":{"type":"Polygon","coordinates":[[[1.72978,42.49539],[1.72959,42.50439],[1.71742,42.50426],[1.71761,42.49526],[1.72978,42.49539]]]},"properties":{"id":"r7c25","np":3,"nombre":"Moderado","dm":0.4266,"fwi":3.31,"ndmi":0.0735,"dry":2.65,"inc":0.4371,"ni":"Baja","acc":"Monitorización rutinaria","cp":"#6FCE44","cu":"#FAD899","ca":"#a6d96a"}},{"type":"Feature","geometry":{"type":"Polygon","coordinates":[[[1.46191,42.50111],[1.46169,42.51012],[1.44952,42.50995],[1.44975,42.50095],[1.46191,42.50111]]]},"properties":{"id":"r8c3","np":6,"nombre":"Extremo","dm":0.6525,"fwi":19.1,"ndmi":0.1485,"dry":5.89,"inc":0.6196,"ni":"Alta","acc":"Vigilancia + verificación campo","cp":"#D92B20","cu":"#C0392B","ca":"#d73027"}},{"type":"Feature","geometry":{"type":"Polygon","coordinates":[[[1.47408,42.50128],[1.47386,42.51028],[1.46169,42.51012],[1.46191,42.50111],[1.47408,42.50128]]]},"properties":{"id":"r8c4","np":6,"nombre":"Extremo","dm":0.6714,"fwi":19.1,"ndmi":0.1071,"dry":5.89,"inc":0.6206,"ni":"Alta","acc":"Vigilancia + verificación campo","cp":"#D92B20","cu":"#C0392B","ca":"#d73027"}},{"type":"Feature","geometry":{"type":"Polygon","coordinates":[[[1.48624,42.50144],[1.48603,42.51044],[1.47386,42.51028],[1.47408,42.50128],[1.48624,42.50144]]]},"properties":{"id":"r8c5","np":6,"nombre":"Extremo","dm":0.6657,"fwi":19.1,"ndmi":0.1194,"dry":5.89,"inc":0.6196,"ni":"Alta","acc":"Vigilancia + verificación campo","cp":"#D92B20","cu":"#C0392B","ca":"#d73027"}},{"type":"Feature","geometry":{"type":"Polygon","coordinates":[[[1.49841,42.5016],[1.4982,42.5106],[1.48603,42.51044],[1.48624,42.50144],[1.49841,42.5016]]]},"properties":{"id":"r8c6","np":6,"nombre":"Extremo","dm":0.6426,"fwi":18.62,"ndmi":0.1716,"dry":5.6,"inc":0.6139,"ni":"Alta","acc":"Vigilancia + verificación campo","cp":"#D92B20","cu":"#C0392B","ca":"#d73027"}},{"type":"Feature","geometry":{"type":"Polygon","coordinates":[[[1.51058,42.50176],[1.51036,42.51076],[1.4982,42.5106],[1.49841,42.5016],[1.51058,42.50176]]]},"properties":{"id":"r8c7","np":6,"nombre":"Extremo","dm":0.6696,"fwi":18.62,"ndmi":0.1124,"dry":5.6,"inc":0.6143,"ni":"Alta","acc":"Vigilancia + verificación campo","cp":"#D92B20","cu":"#C0392B","ca":"#d73027"}},{"type":"Feature","geometry":{"type":"Polygon","coordinates":[[[1.52274,42.50191],[1.52253,42.51092],[1.51036,42.51076],[1.51058,42.50176],[1.52274,42.50191]]]},"properties":{"id":"r8c8","np":6,"nombre":"Extremo","dm":0.6926,"fwi":18.62,"ndmi":0.0618,"dry":5.6,"inc":0.6176,"ni":"Alta","acc":"Vigilancia + verificación campo","cp":"#D92B20","cu":"#C0392B","ca":"#d73027"}},{"type":"Feature","geometry":{"type":"Polygon","coordinates":[[[1.53491,42.50207],[1.5347,42.51107],[1.52253,42.51092],[1.52274,42.50191],[1.53491,42.50207]]]},"properties":{"id":"r8c9","np":6,"nombre":"Extremo","dm":0.6707,"fwi":18.62,"ndmi":0.1099,"dry":5.6,"inc":0.6163,"ni":"Alta","acc":"Vigilancia + verificación campo","cp":"#D92B20","cu":"#C0392B","ca":"#d73027"}},{"type":"Feature","geometry":{"type":"Polygon","coordinates":[[[1.54708,42.50223],[1.54687,42.51123],[1.5347,42.51107],[1.53491,42.50207],[1.54708,42.50223]]]},"properties":{"id":"r8c10","np":6,"nombre":"Extremo","dm":0.6369,"fwi":18.62,"ndmi":0.1841,"dry":5.6,"inc":0.6137,"ni":"Alta","acc":"Vigilancia + verificación campo","cp":"#D92B20","cu":"#C0392B","ca":"#d73027"}},{"type":"Feature","geometry":{"type":"Polygon","coordinates":[[[1.55925,42.50238],[1.55904,42.51138],[1.54687,42.51123],[1.54708,42.50223],[1.55925,42.50238]]]},"properties":{"id":"r8c11","np":2,"nombre":"Bajo","dm":0.3564,"fwi":3.74,"ndmi":0.2552,"dry":2.6,"inc":0.4409,"ni":"Baja","acc":"Sin acción especial","cp":"#6EC8F0","cu":"#FAD899","ca":"#1a9850"}},{"type":"Feature","geometry":{"type":"Polygon","coordinates":[[[1.57141,42.50253],[1.57121,42.51153],[1.55904,42.51138],[1.55925,42.50238],[1.57141,42.50253]]]},"properties":{"id":"r8c12","np":2,"nombre":"Bajo","dm":0.3247,"fwi":3.74,"ndmi":0.3258,"dry":2.6,"inc":0.4413,"ni":"Baja","acc":"Sin acción especial","cp":"#6EC8F0","cu":"#FAD899","ca":"#1a9850"}},{"type":"Feature","geometry":{"type":"Polygon","coordinates":[[[1.58358,42.50268],[1.58338,42.51169],[1.57121,42.51153],[1.57141,42.50253],[1.58358,42.50268]]]},"properties":{"id":"r8c13","np":2,"nombre":"Bajo","dm":0.3453,"fwi":3.74,"ndmi":0.2794,"dry":2.6,"inc":0.442,"ni":"Baja","acc":"Sin acción especial","cp":"#6EC8F0","cu":"#FAD899","ca":"#1a9850"}},{"type":"Feature","geometry":{"type":"Polygon","coordinates":[[[1.59575,42.50283],[1.59555,42.51184],[1.58338,42.51169],[1.58358,42.50268],[1.59575,42.50283]]]},"properties":{"id":"r8c14","np":3,"nombre":"Moderado","dm":0.3975,"fwi":3.74,"ndmi":0.1648,"dry":2.6,"inc":0.4411,"ni":"Baja","acc":"Monitorización rutinaria","cp":"#6FCE44","cu":"#FAD899","ca":"#a6d96a"}},{"type":"Feature","geometry":{"type":"Polygon","coordinates":[[[1.60791,42.50298],[1.60771,42.51198],[1.59555,42.51184],[1.59575,42.50283],[1.60791,42.50298]]]},"properties":{"id":"r8c15","np":3,"nombre":"Moderado","dm":0.4236,"fwi":3.74,"ndmi":0.1075,"dry":2.6,"inc":0.4403,"ni":"Baja","acc":"Monitorización rutinaria","cp":"#6FCE44","cu":"#FAD899","ca":"#a6d96a"}},{"type":"Feature","geometry":{"type":"Polygon","coordinates":[[[1.62008,42.50313],[1.61988,42.51213],[1.60771,42.51198],[1.60791,42.50298],[1.62008,42.50313]]]},"properties":{"id":"r8c16","np":3,"nombre":"Moderado","dm":0.4376,"fwi":3.74,"ndmi":0.0769,"dry":2.6,"inc":0.4408,"ni":"Baja","acc":"Monitorización rutinaria","cp":"#6FCE44","cu":"#FAD899","ca":"#a6d96a"}},{"type":"Feature","geometry":{"type":"Polygon","coordinates":[[[1.63225,42.50327],[1.63205,42.51228],[1.61988,42.51213],[1.62008,42.50313],[1.63225,42.50327]]]},"properties":{"id":"r8c17","np":3,"nombre":"Moderado","dm":0.4462,"fwi":3.74,"ndmi":0.058,"dry":2.6,"inc":0.4415,"ni":"Baja","acc":"Monitorización rutinaria","cp":"#6FCE44","cu":"#FAD899","ca":"#a6d96a"}},{"type":"Feature","geometry":{"type":"Polygon","coordinates":[[[1.64442,42.50342],[1.64422,42.51242],[1.63205,42.51228],[1.63225,42.50327],[1.64442,42.50342]]]},"properties":{"id":"r8c18","np":4,"nombre":"Alto","dm":0.4808,"fwi":3.62,"ndmi":-0.0349,"dry":2.42,"inc":0.4492,"ni":"Media","acc":"Alerta preventiva","cp":"#F5F23B","cu":"#EA9020","ca":"#fee08b"}},{"type":"Feature","geometry":{"type":"Polygon","coordinates":[[[1.65658,42.50356],[1.65639,42.51257],[1.64422,42.51242],[1.64442,42.50342],[1.65658,42.50356]]]},"properties":{"id":"r8c19","np":4,"nombre":"Alto","dm":0.4847,"fwi":3.47,"ndmi":-0.06,"dry":2.79,"inc":0.4405,"ni":"Baja","acc":"Alerta preventiva","cp":"#F5F23B","cu":"#FAD899","ca":"#fee08b"}},{"type":"Feature","geometry":{"type":"Polygon","coordinates":[[[1.66875,42.5037],[1.66856,42.51271],[1.65639,42.51257],[1.65658,42.50356],[1.66875,42.5037]]]},"properties":{"id":"r8c20","np":4,"nombre":"Alto","dm":0.4702,"fwi":3.45,"ndmi":-0.0378,"dry":2.79,"inc":0.4394,"ni":"Baja","acc":"Alerta preventiva","cp":"#F5F23B","cu":"#FAD899","ca":"#fee08b"}},{"type":"Feature","geometry":{"type":"Polygon","coordinates":[[[1.68092,42.50384],[1.68073,42.51285],[1.66856,42.51271],[1.66875,42.5037],[1.68092,42.50384]]]},"properties":{"id":"r8c21","np":4,"nombre":"Alto","dm":0.4834,"fwi":3.41,"ndmi":-0.0539,"dry":2.61,"inc":0.4491,"ni":"Media","acc":"Alerta preventiva","cp":"#F5F23B","cu":"#EA9020","ca":"#fee08b"}},{"type":"Feature","geometry":{"type":"Polygon","coordinates":[[[1.69309,42.50398],[1.6929,42.51299],[1.68073,42.51285],[1.68092,42.50384],[1.69309,42.50398]]]},"properties":{"id":"r8c22","np":4,"nombre":"Alto","dm":0.4548,"fwi":3.39,"ndmi":-0.0029,"dry":2.61,"inc":0.4488,"ni":"Media","acc":"Alerta preventiva","cp":"#F5F23B","cu":"#EA9020","ca":"#fee08b"}},{"type":"Feature","geometry":{"type":"Polygon","coordinates":[[[1.70526,42.50412],[1.70507,42.51313],[1.6929,42.51299],[1.69309,42.50398],[1.70526,42.50412]]]},"properties":{"id":"r8c23","np":4,"nombre":"Alto","dm":0.4671,"fwi":3.45,"ndmi":-0.0224,"dry":2.79,"inc":0.4389,"ni":"Baja","acc":"Alerta preventiva","cp":"#F5F23B","cu":"#FAD899","ca":"#fee08b"}},{"type":"Feature","geometry":{"type":"Polygon","coordinates":[[[1.71742,42.50426],[1.71724,42.51326],[1.70507,42.51313],[1.70526,42.50412],[1.71742,42.50426]]]},"properties":{"id":"r8c24","np":4,"nombre":"Alto","dm":0.4677,"fwi":3.46,"ndmi":-0.0133,"dry":2.79,"inc":0.4326,"ni":"Baja","acc":"Alerta preventiva","cp":"#F5F23B","cu":"#FAD899","ca":"#fee08b"}},{"type":"Feature","geometry":{"type":"Polygon","coordinates":[[[1.72959,42.50439],[1.72941,42.5134],[1.71724,42.51326],[1.71742,42.50426],[1.72959,42.50439]]]},"properties":{"id":"r8c25","np":3,"nombre":"Moderado","dm":0.446,"fwi":3.4,"ndmi":0.0305,"dry":2.61,"inc":0.441,"ni":"Baja","acc":"Monitorización rutinaria","cp":"#6FCE44","cu":"#FAD899","ca":"#a6d96a"}},{"type":"Feature","geometry":{"type":"Polygon","coordinates":[[[1.47386,42.51028],[1.47364,42.51928],[1.46147,42.51912],[1.46169,42.51012],[1.47386,42.51028]]]},"properties":{"id":"r9c4","np":5,"nombre":"Muy alto","dm":0.5962,"fwi":19.1,"ndmi":0.2721,"dry":5.89,"inc":0.62,"ni":"Alta","acc":"Vigilancia + verificación campo","cp":"#DE8631","cu":"#C0392B","ca":"#d73027"}},{"type":"Feature","geometry":{"type":"Polygon","coordinates":[[[1.48603,42.51044],[1.48581,42.51944],[1.47364,42.51928],[1.47386,42.51028],[1.48603,42.51044]]]},"properties":{"id":"r9c5","np":5,"nombre":"Muy alto","dm":0.6165,"fwi":18.17,"ndmi":0.2087,"dry":5.11,"inc":0.6148,"ni":"Alta","acc":"Vigilancia + verificación campo","cp":"#DE8631","cu":"#C0392B","ca":"#d73027"}},{"type":"Feature","geometry":{"type":"Polygon","coordinates":[[[1.4982,42.5106],[1.49798,42.5196],[1.48581,42.51944],[1.48603,42.51044],[1.4982,42.5106]]]},"properties":{"id":"r9c6","np":6,"nombre":"Extremo","dm":0.6502,"fwi":18.62,"ndmi":0.155,"dry":5.6,"inc":0.6139,"ni":"Alta","acc":"Vigilancia + verificación campo","cp":"#D92B20","cu":"#C0392B","ca":"#d73027"}},{"type":"Feature","geometry":{"type":"Polygon","coordinates":[[[1.51036,42.51076],[1.51015,42.51976],[1.49798,42.5196],[1.4982,42.5106],[1.51036,42.51076]]]},"properties":{"id":"r9c7","np":6,"nombre":"Extremo","dm":0.6384,"fwi":18.62,"ndmi":0.1809,"dry":5.6,"inc":0.6147,"ni":"Alta","acc":"Vigilancia + verificación campo","cp":"#D92B20","cu":"#C0392B","ca":"#d73027"}},{"type":"Feature","geometry":{"type":"Polygon","coordinates":[[[1.52253,42.51092],[1.52232,42.51992],[1.51015,42.51976],[1.51036,42.51076],[1.52253,42.51092]]]},"properties":{"id":"r9c8","np":6,"nombre":"Extremo","dm":0.6525,"fwi":18.62,"ndmi":0.1499,"dry":5.6,"inc":0.6149,"ni":"Alta","acc":"Vigilancia + verificación campo","cp":"#D92B20","cu":"#C0392B","ca":"#d73027"}},{"type":"Feature","geometry":{"type":"Polygon","coordinates":[[[1.5347,42.51107],[1.53449,42.52008],[1.52232,42.51992],[1.52253,42.51092],[1.5347,42.51107]]]},"properties":{"id":"r9c9","np":6,"nombre":"Extremo","dm":0.6476,"fwi":18.62,"ndmi":0.1607,"dry":5.6,"inc":0.6146,"ni":"Alta","acc":"Vigilancia + verificación campo","cp":"#D92B20","cu":"#C0392B","ca":"#d73027"}},{"type":"Feature","geometry":{"type":"Polygon","coordinates":[[[1.54687,42.51123],[1.54666,42.52023],[1.53449,42.52008],[1.5347,42.51107],[1.54687,42.51123]]]},"properties":{"id":"r9c10","np":6,"nombre":"Extremo","dm":0.6613,"fwi":18.62,"ndmi":0.1306,"dry":5.6,"inc":0.615,"ni":"Alta","acc":"Vigilancia + verificación campo","cp":"#D92B20","cu":"#C0392B","ca":"#d73027"}},{"type":"Feature","geometry":{"type":"Polygon","coordinates":[[[1.55904,42.51138],[1.55883,42.52039],[1.54666,42.52023],[1.54687,42.51123],[1.55904,42.51138]]]},"properties":{"id":"r9c11","np":3,"nombre":"Moderado","dm":0.3919,"fwi":3.74,"ndmi":0.1771,"dry":2.6,"inc":0.4423,"ni":"Baja","acc":"Monitorización rutinaria","cp":"#6FCE44","cu":"#FAD899","ca":"#a6d96a"}},{"type":"Feature","geometry":{"type":"Polygon","coordinates":[[[1.57121,42.51153],[1.571,42.52054],[1.55883,42.52039],[1.55904,42.51138],[1.57121,42.51153]]]},"properties":{"id":"r9c12","np":2,"nombre":"Bajo","dm":0.3492,"fwi":3.74,"ndmi":0.2709,"dry":2.6,"inc":0.4417,"ni":"Baja","acc":"Sin acción especial","cp":"#6EC8F0","cu":"#FAD899","ca":"#1a9850"}},{"type":"Feature","geometry":{"type":"Polygon","coordinates":[[[1.58338,42.51169],[1.58317,42.52069],[1.571,42.52054],[1.57121,42.51153],[1.58338,42.51169]]]},"properties":{"id":"r9c13","np":2,"nombre":"Bajo","dm":0.3369,"fwi":3.74,"ndmi":0.2993,"dry":2.6,"inc":0.4413,"ni":"Baja","acc":"Sin acción especial","cp":"#6EC8F0","cu":"#FAD899","ca":"#1a9850"}},{"type":"Feature","geometry":{"type":"Polygon","coordinates":[[[1.59555,42.51184],[1.59534,42.52084],[1.58317,42.52069],[1.58338,42.51169],[1.59555,42.51184]]]},"properties":{"id":"r9c14","np":2,"nombre":"Bajo","dm":0.3275,"fwi":3.74,"ndmi":0.3191,"dry":2.6,"inc":0.4409,"ni":"Baja","acc":"Sin acción especial","cp":"#6EC8F0","cu":"#FAD899","ca":"#1a9850"}},{"type":"Feature","geometry":{"type":"Polygon","coordinates":[[[1.60771,42.51198],[1.60751,42.52099],[1.59534,42.52084],[1.59555,42.51184],[1.60771,42.51198]]]},"properties":{"id":"r9c15","np":2,"nombre":"Bajo","dm":0.3615,"fwi":3.74,"ndmi":0.244,"dry":2.6,"inc":0.4414,"ni":"Baja","acc":"Sin acción especial","cp":"#6EC8F0","cu":"#FAD899","ca":"#1a9850"}},{"type":"Feature","geometry":{"type":"Polygon","coordinates":[[[1.61988,42.51213],[1.61969,42.52113],[1.60751,42.52099],[1.60771,42.51198],[1.61988,42.51213]]]},"properties":{"id":"r9c16","np":2,"nombre":"Bajo","dm":0.3725,"fwi":3.74,"ndmi":0.2197,"dry":2.6,"inc":0.4406,"ni":"Baja","acc":"Sin acción especial","cp":"#6EC8F0","cu":"#FAD899","ca":"#1a9850"}},{"type":"Feature","geometry":{"type":"Polygon","coordinates":[[[1.63205,42.51228],[1.63186,42.52128],[1.61969,42.52113],[1.61988,42.51213],[1.63205,42.51228]]]},"properties":{"id":"r9c17","np":3,"nombre":"Moderado","dm":0.391,"fwi":3.93,"ndmi":0.19,"dry":2.74,"inc":0.4449,"ni":"Baja","acc":"Monitorización rutinaria","cp":"#6FCE44","cu":"#FAD899","ca":"#a6d96a"}},{"type":"Feature","geometry":{"type":"Polygon","coordinates":[[[1.64422,42.51242],[1.64403,42.52143],[1.63186,42.52128],[1.63205,42.51228],[1.64422,42.51242]]]},"properties":{"id":"r9c18","np":3,"nombre":"Moderado","dm":0.4216,"fwi":3.74,"ndmi":0.1119,"dry":2.6,"inc":0.4416,"ni":"Baja","acc":"Monitorización rutinaria","cp":"#6FCE44","cu":"#FAD899","ca":"#a6d96a"}},{"type":"Feature","geometry":{"type":"Polygon","coordinates":[[[1.65639,42.51257],[1.6562,42.52157],[1.64403,42.52143],[1.64422,42.51242],[1.65639,42.51257]]]},"properties":{"id":"r9c19","np":4,"nombre":"Alto","dm":0.4491,"fwi":3.31,"ndmi":0.0231,"dry":2.65,"inc":0.4375,"ni":"Baja","acc":"Alerta preventiva","cp":"#F5F23B","cu":"#FAD899","ca":"#fee08b"}},{"type":"Feature","geometry":{"type":"Polygon","coordinates":[[[1.66856,42.51271],[1.66837,42.52171],[1.6562,42.52157],[1.65639,42.51257],[1.66856,42.51271]]]},"properties":{"id":"r9c20","np":4,"nombre":"Alto","dm":0.4673,"fwi":3.45,"ndmi":-0.0224,"dry":2.79,"inc":0.439,"ni":"Baja","acc":"Alerta preventiva","cp":"#F5F23B","cu":"#FAD899","ca":"#fee08b"}},{"type":"Feature","geometry":{"type":"Polygon","coordinates":[[[1.68073,42.51285],[1.68054,42.52185],[1.66837,42.52171],[1.66856,42.51271],[1.68073,42.51285]]]},"properties":{"id":"r9c21","np":3,"nombre":"Moderado","dm":0.4309,"fwi":3.31,"ndmi":0.0641,"dry":2.65,"inc":0.4373,"ni":"Baja","acc":"Monitorización rutinaria","cp":"#6FCE44","cu":"#FAD899","ca":"#a6d96a"}},{"type":"Feature","geometry":{"type":"Polygon","coordinates":[[[1.6929,42.51299],[1.69271,42.52199],[1.68054,42.52185],[1.68073,42.51285],[1.6929,42.51299]]]},"properties":{"id":"r9c22","np":3,"nombre":"Moderado","dm":0.4218,"fwi":3.31,"ndmi":0.084,"dry":2.65,"inc":0.437,"ni":"Baja","acc":"Monitorización rutinaria","cp":"#6FCE44","cu":"#FAD899","ca":"#a6d96a"}},{"type":"Feature","geometry":{"type":"Polygon","coordinates":[[[1.70507,42.51313],[1.70488,42.52213],[1.69271,42.52199],[1.6929,42.51299],[1.70507,42.51313]]]},"properties":{"id":"r9c23","np":3,"nombre":"Moderado","dm":0.4374,"fwi":3.31,"ndmi":0.0499,"dry":2.65,"inc":0.4374,"ni":"Baja","acc":"Monitorización rutinaria","cp":"#6FCE44","cu":"#FAD899","ca":"#a6d96a"}},{"type":"Feature","geometry":{"type":"Polygon","coordinates":[[[1.71724,42.51326],[1.71706,42.52227],[1.70488,42.52213],[1.70507,42.51313],[1.71724,42.51326]]]},"properties":{"id":"r9c24","np":4,"nombre":"Alto","dm":0.4809,"fwi":3.25,"ndmi":-0.0725,"dry":2.47,"inc":0.446,"ni":"Baja","acc":"Alerta preventiva","cp":"#F5F23B","cu":"#FAD899","ca":"#fee08b"}},{"type":"Feature","geometry":{"type":"Polygon","coordinates":[[[1.72941,42.5134],[1.72923,42.5224],[1.71706,42.52227],[1.71724,42.51326],[1.72941,42.5134]]]},"properties":{"id":"r9c25","np":4,"nombre":"Alto","dm":0.488,"fwi":3.46,"ndmi":-0.0753,"dry":2.79,"inc":0.4326,"ni":"Baja","acc":"Alerta preventiva","cp":"#F5F23B","cu":"#FAD899","ca":"#fee08b"}},{"type":"Feature","geometry":{"type":"Polygon","coordinates":[[[1.46147,42.51912],[1.46125,42.52812],[1.44908,42.52796],[1.4493,42.51896],[1.46147,42.51912]]]},"properties":{"id":"r10c3","np":6,"nombre":"Extremo","dm":0.6298,"fwi":18.62,"ndmi":0.1998,"dry":5.6,"inc":0.6152,"ni":"Alta","acc":"Vigilancia + verificación campo","cp":"#D92B20","cu":"#C0392B","ca":"#d73027"}},{"type":"Feature","geometry":{"type":"Polygon","coordinates":[[[1.47364,42.51928],[1.47342,42.52828],[1.46125,42.52812],[1.46147,42.51912],[1.47364,42.51928]]]},"properties":{"id":"r10c4","np":5,"nombre":"Muy alto","dm":0.6041,"fwi":18.17,"ndmi":0.2361,"dry":5.11,"inc":0.6134,"ni":"Alta","acc":"Vigilancia + verificación campo","cp":"#DE8631","cu":"#C0392B","ca":"#d73027"}},{"type":"Feature","geometry":{"type":"Polygon","coordinates":[[[1.48581,42.51944],[1.48559,42.52845],[1.47342,42.52828],[1.47364,42.51928],[1.48581,42.51944]]]},"properties":{"id":"r10c5","np":5,"nombre":"Muy alto","dm":0.5921,"fwi":18.17,"ndmi":0.2624,"dry":5.11,"inc":0.613,"ni":"Alta","acc":"Vigilancia + verificación campo","cp":"#DE8631","cu":"#C0392B","ca":"#d73027"}},{"type":"Feature","geometry":{"type":"Polygon","coordinates":[[[1.49798,42.5196],[1.49776,42.52861],[1.48559,42.52845],[1.48581,42.51944],[1.49798,42.5196]]]},"properties":{"id":"r10c6","np":5,"nombre":"Muy alto","dm":0.5781,"fwi":18.64,"ndmi":0.3171,"dry":5.68,"inc":0.6139,"ni":"Alta","acc":"Vigilancia + verificación campo","cp":"#DE8631","cu":"#C0392B","ca":"#d73027"}},{"type":"Feature","geometry":{"type":"Polygon","coordinates":[[[1.51015,42.51976],[1.50994,42.52877],[1.49776,42.52861],[1.49798,42.5196],[1.51015,42.51976]]]},"properties":{"id":"r10c7","np":5,"nombre":"Muy alto","dm":0.5828,"fwi":18.64,"ndmi":0.3068,"dry":5.68,"inc":0.614,"ni":"Alta","acc":"Vigilancia + verificación campo","cp":"#DE8631","cu":"#C0392B","ca":"#d73027"}},{"type":"Feature","geometry":{"type":"Polygon","coordinates":[[[1.52232,42.51992],[1.52211,42.52892],[1.50994,42.52877],[1.51015,42.51976],[1.52232,42.51992]]]},"properties":{"id":"r10c8","np":5,"nombre":"Muy alto","dm":0.6117,"fwi":18.62,"ndmi":0.2395,"dry":5.6,"inc":0.615,"ni":"Alta","acc":"Vigilancia + verificación campo","cp":"#DE8631","cu":"#C0392B","ca":"#d73027"}},{"type":"Feature","geometry":{"type":"Polygon","coordinates":[[[1.53449,42.52008],[1.53428,42.52908],[1.52211,42.52892],[1.52232,42.51992],[1.53449,42.52008]]]},"properties":{"id":"r10c9","np":5,"nombre":"Muy alto","dm":0.6075,"fwi":18.62,"ndmi":0.2487,"dry":5.6,"inc":0.6145,"ni":"Alta","acc":"Vigilancia + verificación campo","cp":"#DE8631","cu":"#C0392B","ca":"#d73027"}},{"type":"Feature","geometry":{"type":"Polygon","coordinates":[[[1.54666,42.52023],[1.54645,42.52923],[1.53428,42.52908],[1.53449,42.52008],[1.54666,42.52023]]]},"properties":{"id":"r10c10","np":5,"nombre":"Muy alto","dm":0.5989,"fwi":18.62,"ndmi":0.2675,"dry":5.6,"inc":0.6137,"ni":"Alta","acc":"Vigilancia + verificación campo","cp":"#DE8631","cu":"#C0392B","ca":"#d73027"}},{"type":"Feature","geometry":{"type":"Polygon","coordinates":[[[1.55883,42.52039],[1.55862,42.52939],[1.54645,42.52923],[1.54666,42.52023],[1.55883,42.52039]]]},"properties":{"id":"r10c11","np":2,"nombre":"Bajo","dm":0.3799,"fwi":3.74,"ndmi":0.2035,"dry":2.6,"inc":0.4417,"ni":"Baja","acc":"Sin acción especial","cp":"#6EC8F0","cu":"#FAD899","ca":"#1a9850"}},{"type":"Feature","geometry":{"type":"Polygon","coordinates":[[[1.571,42.52054],[1.5708,42.52954],[1.55862,42.52939],[1.55883,42.52039],[1.571,42.52054]]]},"properties":{"id":"r10c12","np":2,"nombre":"Bajo","dm":0.368,"fwi":3.74,"ndmi":0.2296,"dry":2.6,"inc":0.4418,"ni":"Baja","acc":"Sin acción especial","cp":"#6EC8F0","cu":"#FAD899","ca":"#1a9850"}},{"type":"Feature","geometry":{"type":"Polygon","coordinates":[[[1.58317,42.52069],[1.58297,42.52969],[1.5708,42.52954],[1.571,42.52054],[1.58317,42.52069]]]},"properties":{"id":"r10c13","np":1,"nombre":"Muy bajo","dm":0.3188,"fwi":3.74,"ndmi":0.3424,"dry":2.6,"inc":0.441,"ni":"Baja","acc":"Sin acción especial","cp":"#4A78C8","cu":"#FAD899","ca":"#1a9850"}},{"type":"Feature","geometry":{"type":"Polygon","coordinates":[[[1.59534,42.52084],[1.59514,42.52984],[1.58297,42.52969],[1.58317,42.52069],[1.59534,42.52084]]]},"properties":{"id":"r10c14","np":1,"nombre":"Muy bajo","dm":0.3072,"fwi":3.74,"ndmi":0.3866,"dry":2.6,"inc":0.4408,"ni":"Baja","acc":"Sin acción especial","cp":"#4A78C8","cu":"#FAD899","ca":"#1a9850"}},{"type":"Feature","geometry":{"type":"Polygon","coordinates":[[[1.60751,42.52099],[1.60731,42.52999],[1.59514,42.52984],[1.59534,42.52084],[1.60751,42.52099]]]},"properties":{"id":"r10c15","np":1,"nombre":"Muy bajo","dm":0.3118,"fwi":3.74,"ndmi":0.3653,"dry":2.6,"inc":0.4414,"ni":"Baja","acc":"Sin acción especial","cp":"#4A78C8","cu":"#FAD899","ca":"#1a9850"}},{"type":"Feature","geometry":{"type":"Polygon","coordinates":[[[1.61969,42.52113],[1.61949,42.53014],[1.60731,42.52999],[1.60751,42.52099],[1.61969,42.52113]]]},"properties":{"id":"r10c16","np":2,"nombre":"Bajo","dm":0.3359,"fwi":3.74,"ndmi":0.3002,"dry":2.6,"inc":0.4415,"ni":"Baja","acc":"Sin acción especial","cp":"#6EC8F0","cu":"#FAD899","ca":"#1a9850"}},{"type":"Feature","geometry":{"type":"Polygon","coordinates":[[[1.63186,42.52128],[1.63166,42.53028],[1.61949,42.53014],[1.61969,42.52113],[1.63186,42.52128]]]},"properties":{"id":"r10c17","np":2,"nombre":"Bajo","dm":0.3373,"fwi":3.74,"ndmi":0.2971,"dry":2.6,"inc":0.4417,"ni":"Baja","acc":"Sin acción especial","cp":"#6EC8F0","cu":"#FAD899","ca":"#1a9850"}},{"type":"Feature","geometry":{"type":"Polygon","coordinates":[[[1.64403,42.52143],[1.64383,42.53043],[1.63166,42.53028],[1.63186,42.52128],[1.64403,42.52143]]]},"properties":{"id":"r10c18","np":3,"nombre":"Moderado","dm":0.4114,"fwi":3.74,"ndmi":0.1343,"dry":2.6,"inc":0.4419,"ni":"Baja","acc":"Monitorización rutinaria","cp":"#6FCE44","cu":"#FAD899","ca":"#a6d96a"}},{"type":"Feature","geometry":{"type":"Polygon","coordinates":[[[1.6562,42.52157],[1.65601,42.53057],[1.64383,42.53043],[1.64403,42.52143],[1.6562,42.52157]]]},"properties":{"id":"r10c19","np":4,"nombre":"Alto","dm":0.4715,"fwi":3.31,"ndmi":-0.0295,"dry":2.65,"inc":0.4377,"ni":"Baja","acc":"Alerta preventiva","cp":"#F5F23B","cu":"#FAD899","ca":"#fee08b"}},{"type":"Feature","geometry":{"type":"Polygon","coordinates":[[[1.66837,42.52171],[1.66818,42.53071],[1.65601,42.53057],[1.6562,42.52157],[1.66837,42.52171]]]},"properties":{"id":"r10c20","np":4,"nombre":"Alto","dm":0.4649,"fwi":3.45,"ndmi":-0.0175,"dry":2.79,"inc":0.4394,"ni":"Baja","acc":"Alerta preventiva","cp":"#F5F23B","cu":"#FAD899","ca":"#fee08b"}},{"type":"Feature","geometry":{"type":"Polygon","coordinates":[[[1.68054,42.52185],[1.68035,42.53085],[1.66818,42.53071],[1.66837,42.52171],[1.68054,42.52185]]]},"properties":{"id":"r10c21","np":3,"nombre":"Moderado","dm":0.445,"fwi":3.31,"ndmi":0.033,"dry":2.65,"inc":0.4374,"ni":"Baja","acc":"Monitorización rutinaria","cp":"#6FCE44","cu":"#FAD899","ca":"#a6d96a"}},{"type":"Feature","geometry":{"type":"Polygon","coordinates":[[[1.69271,42.52199],[1.69253,42.53099],[1.68035,42.53085],[1.68054,42.52185],[1.69271,42.52199]]]},"properties":{"id":"r10c22","np":3,"nombre":"Moderado","dm":0.4082,"fwi":3.31,"ndmi":0.114,"dry":2.65,"inc":0.4372,"ni":"Baja","acc":"Monitorización rutinaria","cp":"#6FCE44","cu":"#FAD899","ca":"#a6d96a"}},{"type":"Feature","geometry":{"type":"Polygon","coordinates":[[[1.70488,42.52213],[1.7047,42.53113],[1.69253,42.53099],[1.69271,42.52199],[1.70488,42.52213]]]},"properties":{"id":"r10c23","np":2,"nombre":"Bajo","dm":0.3807,"fwi":3.31,"ndmi":0.1743,"dry":2.65,"inc":0.4379,"ni":"Baja","acc":"Sin acción especial","cp":"#6EC8F0","cu":"#FAD899","ca":"#1a9850"}},{"type":"Feature","geometry":{"type":"Polygon","coordinates":[[[1.71706,42.52227],[1.71687,42.53127],[1.7047,42.53113],[1.70488,42.52213],[1.71706,42.52227]]]},"properties":{"id":"r10c24","np":3,"nombre":"Moderado","dm":0.4326,"fwi":3.31,"ndmi":0.0605,"dry":2.65,"inc":0.4373,"ni":"Baja","acc":"Monitorización rutinaria","cp":"#6FCE44","cu":"#FAD899","ca":"#a6d96a"}},{"type":"Feature","geometry":{"type":"Polygon","coordinates":[[[1.72923,42.5224],[1.72905,42.53141],[1.71687,42.53127],[1.71706,42.52227],[1.72923,42.5224]]]},"properties":{"id":"r10c25","np":3,"nombre":"Moderado","dm":0.4426,"fwi":3.31,"ndmi":0.0385,"dry":2.65,"inc":0.4379,"ni":"Baja","acc":"Monitorización rutinaria","cp":"#6FCE44","cu":"#FAD899","ca":"#a6d96a"}},{"type":"Feature","geometry":{"type":"Polygon","coordinates":[[[1.7414,42.52254],[1.74122,42.53154],[1.72905,42.53141],[1.72923,42.5224],[1.7414,42.52254]]]},"properties":{"id":"r10c26","np":4,"nombre":"Alto","dm":0.4588,"fwi":3.31,"ndmi":0.0018,"dry":2.65,"inc":0.4373,"ni":"Baja","acc":"Alerta preventiva","cp":"#F5F23B","cu":"#FAD899","ca":"#fee08b"}},{"type":"Feature","geometry":{"type":"Polygon","coordinates":[[[1.46125,42.52812],[1.46103,42.53712],[1.44885,42.53696],[1.44908,42.52796],[1.46125,42.52812]]]},"properties":{"id":"r11c3","np":6,"nombre":"Extremo","dm":0.6345,"fwi":18.17,"ndmi":0.1691,"dry":5.11,"inc":0.614,"ni":"Alta","acc":"Vigilancia + verificación campo","cp":"#D92B20","cu":"#C0392B","ca":"#d73027"}},{"type":"Feature","geometry":{"type":"Polygon","coordinates":[[[1.47342,42.52828],[1.4732,42.53729],[1.46103,42.53712],[1.46125,42.52812],[1.47342,42.52828]]]},"properties":{"id":"r11c4","np":5,"nombre":"Muy alto","dm":0.5943,"fwi":18.17,"ndmi":0.2576,"dry":5.11,"inc":0.6134,"ni":"Alta","acc":"Vigilancia + verificación campo","cp":"#DE8631","cu":"#C0392B","ca":"#d73027"}},{"type":"Feature","geometry":{"type":"Polygon","coordinates":[[[1.48559,42.52845],[1.48537,42.53745],[1.4732,42.53729],[1.47342,42.52828],[1.48559,42.52845]]]},"properties":{"id":"r11c5","np":5,"nombre":"Muy alto","dm":0.5931,"fwi":18.65,"ndmi":0.2575,"dry":5.39,"inc":0.6188,"ni":"Alta","acc":"Vigilancia + verificación campo","cp":"#DE8631","cu":"#C0392B","ca":"#d73027"}},{"type":"Feature","geometry":{"type":"Polygon","coordinates":[[[1.49776,42.52861],[1.49755,42.53761],[1.48537,42.53745],[1.48559,42.52845],[1.49776,42.52861]]]},"properties":{"id":"r11c6","np":6,"nombre":"Extremo","dm":0.638,"fwi":19.1,"ndmi":0.1803,"dry":5.89,"inc":0.6195,"ni":"Alta","acc":"Vigilancia + verificación campo","cp":"#D92B20","cu":"#C0392B","ca":"#d73027"}},{"type":"Feature","geometry":{"type":"Polygon","coordinates":[[[1.50994,42.52877],[1.50972,42.53777],[1.49755,42.53761],[1.49776,42.52861],[1.50994,42.52877]]]},"properties":{"id":"r11c7","np":5,"nombre":"Muy alto","dm":0.6152,"fwi":18.62,"ndmi":0.2317,"dry":5.6,"inc":0.614,"ni":"Alta","acc":"Vigilancia + verificación campo","cp":"#DE8631","cu":"#C0392B","ca":"#d73027"}},{"type":"Feature","geometry":{"type":"Polygon","coordinates":[[[1.52211,42.52892],[1.5219,42.53793],[1.50972,42.53777],[1.50994,42.52877],[1.52211,42.52892]]]},"properties":{"id":"r11c8","np":5,"nombre":"Muy alto","dm":0.6275,"fwi":18.62,"ndmi":0.2048,"dry":5.6,"inc":0.6135,"ni":"Alta","acc":"Vigilancia + verificación campo","cp":"#DE8631","cu":"#C0392B","ca":"#d73027"}},{"type":"Feature","geometry":{"type":"Polygon","coordinates":[[[1.53428,42.52908],[1.53407,42.53808],[1.5219,42.53793],[1.52211,42.52892],[1.53428,42.52908]]]},"properties":{"id":"r11c9","np":5,"nombre":"Muy alto","dm":0.5957,"fwi":18.62,"ndmi":0.2746,"dry":5.6,"inc":0.6147,"ni":"Alta","acc":"Vigilancia + verificación campo","cp":"#DE8631","cu":"#C0392B","ca":"#d73027"}},{"type":"Feature","geometry":{"type":"Polygon","coordinates":[[[1.54645,42.52923],[1.54624,42.53824],[1.53407,42.53808],[1.53428,42.52908],[1.54645,42.52923]]]},"properties":{"id":"r11c10","np":5,"nombre":"Muy alto","dm":0.5742,"fwi":18.62,"ndmi":0.3226,"dry":5.6,"inc":0.615,"ni":"Alta","acc":"Vigilancia + verificación campo","cp":"#DE8631","cu":"#C0392B","ca":"#d73027"}},{"type":"Feature","geometry":{"type":"Polygon","coordinates":[[[1.55862,42.52939],[1.55842,42.53839],[1.54624,42.53824],[1.54645,42.52923],[1.55862,42.52939]]]},"properties":{"id":"r11c11","np":2,"nombre":"Bajo","dm":0.3458,"fwi":3.62,"ndmi":0.2695,"dry":2.42,"inc":0.4492,"ni":"Media","acc":"Sin acción especial","cp":"#6EC8F0","cu":"#EA9020","ca":"#1a9850"}},{"type":"Feature","geometry":{"type":"Polygon","coordinates":[[[1.5708,42.52954],[1.57059,42.53854],[1.55842,42.53839],[1.55862,42.52939],[1.5708,42.52954]]]},"properties":{"id":"r11c12","np":2,"nombre":"Bajo","dm":0.3811,"fwi":3.74,"ndmi":0.2009,"dry":2.6,"inc":0.4418,"ni":"Baja","acc":"Sin acción especial","cp":"#6EC8F0","cu":"#FAD899","ca":"#1a9850"}},{"type":"Feature","geometry":{"type":"Polygon","coordinates":[[[1.58297,42.52969],[1.58277,42.5387],[1.57059,42.53854],[1.5708,42.52954],[1.58297,42.52969]]]},"properties":{"id":"r11c13","np":3,"nombre":"Moderado","dm":0.4041,"fwi":3.74,"ndmi":0.1503,"dry":2.6,"inc":0.4421,"ni":"Baja","acc":"Monitorización rutinaria","cp":"#6FCE44","cu":"#FAD899","ca":"#a6d96a"}},{"type":"Feature","geometry":{"type":"Polygon","coordinates":[[[1.59514,42.52984],[1.59494,42.53884],[1.58277,42.5387],[1.58297,42.52969],[1.59514,42.52984]]]},"properties":{"id":"r11c14","np":2,"nombre":"Bajo","dm":0.3631,"fwi":3.74,"ndmi":0.2403,"dry":2.6,"inc":0.441,"ni":"Baja","acc":"Sin acción especial","cp":"#6EC8F0","cu":"#FAD899","ca":"#1a9850"}},{"type":"Feature","geometry":{"type":"Polygon","coordinates":[[[1.60731,42.52999],[1.60711,42.53899],[1.59494,42.53884],[1.59514,42.52984],[1.60731,42.52999]]]},"properties":{"id":"r11c15","np":2,"nombre":"Bajo","dm":0.3432,"fwi":3.74,"ndmi":0.284,"dry":2.6,"inc":0.4417,"ni":"Baja","acc":"Sin acción especial","cp":"#6EC8F0","cu":"#FAD899","ca":"#1a9850"}},{"type":"Feature","geometry":{"type":"Polygon","coordinates":[[[1.61949,42.53014],[1.61929,42.53914],[1.60711,42.53899],[1.60731,42.52999],[1.61949,42.53014]]]},"properties":{"id":"r11c16","np":2,"nombre":"Bajo","dm":0.3292,"fwi":3.74,"ndmi":0.3147,"dry":2.6,"inc":0.4422,"ni":"Baja","acc":"Sin acción especial","cp":"#6EC8F0","cu":"#FAD899","ca":"#1a9850"}},{"type":"Feature","geometry":{"type":"Polygon","coordinates":[[[1.63166,42.53028],[1.63146,42.53929],[1.61929,42.53914],[1.61949,42.53014],[1.63166,42.53028]]]},"properties":{"id":"r11c17","np":1,"nombre":"Muy bajo","dm":0.3224,"fwi":3.74,"ndmi":0.3308,"dry":2.6,"inc":0.4415,"ni":"Baja","acc":"Sin acción especial","cp":"#4A78C8","cu":"#FAD899","ca":"#1a9850"}},{"type":"Feature","geometry":{"type":"Polygon","coordinates":[[[1.64383,42.53043],[1.64364,42.53943],[1.63146,42.53929],[1.63166,42.53028],[1.64383,42.53043]]]},"properties":{"id":"r11c18","np":2,"nombre":"Bajo","dm":0.3536,"fwi":3.74,"ndmi":0.2612,"dry":2.6,"inc":0.4413,"ni":"Baja","acc":"Sin acción especial","cp":"#6EC8F0","cu":"#FAD899","ca":"#1a9850"}},{"type":"Feature","geometry":{"type":"Polygon","coordinates":[[[1.65601,42.53057],[1.65581,42.53958],[1.64364,42.53943],[1.64383,42.53043],[1.65601,42.53057]]]},"properties":{"id":"r11c19","np":3,"nombre":"Moderado","dm":0.416,"fwi":3.74,"ndmi":0.1243,"dry":2.6,"inc":0.4411,"ni":"Baja","acc":"Monitorización rutinaria","cp":"#6FCE44","cu":"#FAD899","ca":"#a6d96a"}},{"type":"Feature","geometry":{"type":"Polygon","coordinates":[[[1.66818,42.53071],[1.66799,42.53972],[1.65581,42.53958],[1.65601,42.53057],[1.66818,42.53071]]]},"properties":{"id":"r11c20","np":3,"nombre":"Moderado","dm":0.4203,"fwi":3.31,"ndmi":0.0874,"dry":2.65,"inc":0.4372,"ni":"Baja","acc":"Monitorización rutinaria","cp":"#6FCE44","cu":"#FAD899","ca":"#a6d96a"}},{"type":"Feature","geometry":{"type":"Polygon","coordinates":[[[1.68035,42.53085],[1.68016,42.53986],[1.66799,42.53972],[1.66818,42.53071],[1.68035,42.53085]]]},"properties":{"id":"r11c21","np":3,"nombre":"Moderado","dm":0.4324,"fwi":3.31,"ndmi":0.0609,"dry":2.65,"inc":0.437,"ni":"Baja","acc":"Monitorización rutinaria","cp":"#6FCE44","cu":"#FAD899","ca":"#a6d96a"}},{"type":"Feature","geometry":{"type":"Polygon","coordinates":[[[1.69253,42.53099],[1.69234,42.54],[1.68016,42.53986],[1.68035,42.53085],[1.69253,42.53099]]]},"properties":{"id":"r11c22","np":3,"nombre":"Moderado","dm":0.4102,"fwi":3.31,"ndmi":0.1095,"dry":2.65,"inc":0.4373,"ni":"Baja","acc":"Monitorización rutinaria","cp":"#6FCE44","cu":"#FAD899","ca":"#a6d96a"}},{"type":"Feature","geometry":{"type":"Polygon","coordinates":[[[1.7047,42.53113],[1.70451,42.54014],[1.69234,42.54],[1.69253,42.53099],[1.7047,42.53113]]]},"properties":{"id":"r11c23","np":2,"nombre":"Bajo","dm":0.3576,"fwi":3.31,"ndmi":0.2251,"dry":2.65,"inc":0.438,"ni":"Baja","acc":"Sin acción especial","cp":"#6EC8F0","cu":"#FAD899","ca":"#1a9850"}},{"type":"Feature","geometry":{"type":"Polygon","coordinates":[[[1.71687,42.53127],[1.71669,42.54027],[1.70451,42.54014],[1.7047,42.53113],[1.71687,42.53127]]]},"properties":{"id":"r11c24","np":3,"nombre":"Moderado","dm":0.4006,"fwi":3.31,"ndmi":0.1307,"dry":2.65,"inc":0.4373,"ni":"Baja","acc":"Monitorización rutinaria","cp":"#6FCE44","cu":"#FAD899","ca":"#a6d96a"}},{"type":"Feature","geometry":{"type":"Polygon","coordinates":[[[1.72905,42.53141],[1.72886,42.54041],[1.71669,42.54027],[1.71687,42.53127],[1.72905,42.53141]]]},"properties":{"id":"r11c25","np":3,"nombre":"Moderado","dm":0.413,"fwi":3.31,"ndmi":0.1034,"dry":2.65,"inc":0.4374,"ni":"Baja","acc":"Monitorización rutinaria","cp":"#6FCE44","cu":"#FAD899","ca":"#a6d96a"}},{"type":"Feature","geometry":{"type":"Polygon","coordinates":[[[1.74122,42.53154],[1.74104,42.54054],[1.72886,42.54041],[1.72905,42.53141],[1.74122,42.53154]]]},"properties":{"id":"r11c26","np":3,"nombre":"Moderado","dm":0.4022,"fwi":3.31,"ndmi":0.127,"dry":2.65,"inc":0.4379,"ni":"Baja","acc":"Monitorización rutinaria","cp":"#6FCE44","cu":"#FAD899","ca":"#a6d96a"}},{"type":"Feature","geometry":{"type":"Polygon","coordinates":[[[1.42451,42.53663],[1.42428,42.54563],[1.41211,42.54546],[1.41234,42.53646],[1.42451,42.53663]]]},"properties":{"id":"r12c0","np":4,"nombre":"Alto","dm":0.4798,"fwi":6.14,"ndmi":0.0964,"dry":2.85,"inc":0.4498,"ni":"Media","acc":"Alerta preventiva","cp":"#F5F23B","cu":"#EA9020","ca":"#fee08b"}},{"type":"Feature","geometry":{"type":"Polygon","coordinates":[[[1.43668,42.53679],[1.43646,42.5458],[1.42428,42.54563],[1.42451,42.53663],[1.43668,42.53679]]]},"properties":{"id":"r12c1","np":3,"nombre":"Moderado","dm":0.4201,"fwi":6.43,"ndmi":0.2282,"dry":3.0,"inc":0.4519,"ni":"Media","acc":"Monitorización rutinaria","cp":"#6FCE44","cu":"#EA9020","ca":"#a6d96a"}},{"type":"Feature","geometry":{"type":"Polygon","coordinates":[[[1.44885,42.53696],[1.44863,42.54596],[1.43646,42.5458],[1.43668,42.53679],[1.44885,42.53696]]]},"properties":{"id":"r12c2","np":3,"nombre":"Moderado","dm":0.3964,"fwi":6.14,"ndmi":0.2795,"dry":2.85,"inc":0.4505,"ni":"Media","acc":"Monitorización rutinaria","cp":"#6FCE44","cu":"#EA9020","ca":"#a6d96a"}},{"type":"Feature","geometry":{"type":"Polygon","coordinates":[[[1.46103,42.53712],[1.46081,42.54613],[1.44863,42.54596],[1.44885,42.53696],[1.46103,42.53712]]]},"properties":{"id":"r12c3","np":5,"nombre":"Muy alto","dm":0.5995,"fwi":18.62,"ndmi":0.2662,"dry":5.6,"inc":0.615,"ni":"Alta","acc":"Vigilancia + verificación campo","cp":"#DE8631","cu":"#C0392B","ca":"#d73027"}},{"type":"Feature","geometry":{"type":"Polygon","coordinates":[[[1.4732,42.53729],[1.47298,42.54629],[1.46081,42.54613],[1.46103,42.53712],[1.4732,42.53729]]]},"properties":{"id":"r12c4","np":5,"nombre":"Muy alto","dm":0.5905,"fwi":18.62,"ndmi":0.2757,"dry":5.6,"inc":0.615,"ni":"Alta","acc":"Vigilancia + verificación campo","cp":"#DE8631","cu":"#C0392B","ca":"#d73027"}},{"type":"Feature","geometry":{"type":"Polygon","coordinates":[[[1.48537,42.53745],[1.48516,42.54645],[1.47298,42.54629],[1.4732,42.53729],[1.48537,42.53745]]]},"properties":{"id":"r12c5","np":5,"nombre":"Muy alto","dm":0.5932,"fwi":18.62,"ndmi":0.28,"dry":5.6,"inc":0.6146,"ni":"Alta","acc":"Vigilancia + verificación campo","cp":"#DE8631","cu":"#C0392B","ca":"#d73027"}},{"type":"Feature","geometry":{"type":"Polygon","coordinates":[[[1.49755,42.53761],[1.49733,42.54661],[1.48516,42.54645],[1.48537,42.53745],[1.49755,42.53761]]]},"properties":{"id":"r12c6","np":5,"nombre":"Muy alto","dm":0.58,"fwi":18.62,"ndmi":0.309,"dry":5.6,"inc":0.6142,"ni":"Alta","acc":"Vigilancia + verificación campo","cp":"#DE8631","cu":"#C0392B","ca":"#d73027"}},{"type":"Feature","geometry":{"type":"Polygon","coordinates":[[[1.50972,42.53777],[1.50951,42.54677],[1.49733,42.54661],[1.49755,42.53761],[1.50972,42.53777]]]},"properties":{"id":"r12c7","np":5,"nombre":"Muy alto","dm":0.6226,"fwi":18.62,"ndmi":0.2154,"dry":5.6,"inc":0.6137,"ni":"Alta","acc":"Vigilancia + verificación campo","cp":"#DE8631","cu":"#C0392B","ca":"#d73027"}},{"type":"Feature","geometry":{"type":"Polygon","coordinates":[[[1.5219,42.53793],[1.52168,42.54693],[1.50951,42.54677],[1.50972,42.53777],[1.5219,42.53793]]]},"properties":{"id":"r12c8","np":6,"nombre":"Extremo","dm":0.6405,"fwi":18.62,"ndmi":0.1761,"dry":5.6,"inc":0.6154,"ni":"Alta","acc":"Vigilancia + verificación campo","cp":"#D92B20","cu":"#C0392B","ca":"#d73027"}},{"type":"Feature","geometry":{"type":"Polygon","coordinates":[[[1.53407,42.53808],[1.53386,42.54709],[1.52168,42.54693],[1.5219,42.53793],[1.53407,42.53808]]]},"properties":{"id":"r12c9","np":5,"nombre":"Muy alto","dm":0.6116,"fwi":18.62,"ndmi":0.2397,"dry":5.6,"inc":0.6134,"ni":"Alta","acc":"Vigilancia + verificación campo","cp":"#DE8631","cu":"#C0392B","ca":"#d73027"}},{"type":"Feature","geometry":{"type":"Polygon","coordinates":[[[1.54624,42.53824],[1.54603,42.54724],[1.53386,42.54709],[1.53407,42.53808],[1.54624,42.53824]]]},"properties":{"id":"r12c10","np":5,"nombre":"Muy alto","dm":0.6078,"fwi":18.62,"ndmi":0.248,"dry":5.6,"inc":0.6144,"ni":"Alta","acc":"Vigilancia + verificación campo","cp":"#DE8631","cu":"#C0392B","ca":"#d73027"}},{"type":"Feature","geometry":{"type":"Polygon","coordinates":[[[1.55842,42.53839],[1.55821,42.54739],[1.54603,42.54724],[1.54624,42.53824],[1.55842,42.53839]]]},"properties":{"id":"r12c11","np":2,"nombre":"Bajo","dm":0.3369,"fwi":3.93,"ndmi":0.309,"dry":2.74,"inc":0.4457,"ni":"Baja","acc":"Sin acción especial","cp":"#6EC8F0","cu":"#FAD899","ca":"#1a9850"}},{"type":"Feature","geometry":{"type":"Polygon","coordinates":[[[1.57059,42.53854],[1.57039,42.54755],[1.55821,42.54739],[1.55842,42.53839],[1.57059,42.53854]]]},"properties":{"id":"r12c12","np":3,"nombre":"Moderado","dm":0.3849,"fwi":3.74,"ndmi":0.1926,"dry":2.6,"inc":0.4418,"ni":"Baja","acc":"Monitorización rutinaria","cp":"#6FCE44","cu":"#FAD899","ca":"#a6d96a"}},{"type":"Feature","geometry":{"type":"Polygon","coordinates":[[[1.58277,42.5387],[1.58256,42.5477],[1.57039,42.54755],[1.57059,42.53854],[1.58277,42.5387]]]},"properties":{"id":"r12c13","np":2,"nombre":"Bajo","dm":0.3667,"fwi":3.74,"ndmi":0.2326,"dry":2.6,"inc":0.441,"ni":"Baja","acc":"Sin acción especial","cp":"#6EC8F0","cu":"#FAD899","ca":"#1a9850"}},{"type":"Feature","geometry":{"type":"Polygon","coordinates":[[[1.59494,42.53884],[1.59474,42.54785],[1.58256,42.5477],[1.58277,42.5387],[1.59494,42.53884]]]},"properties":{"id":"r12c14","np":2,"nombre":"Bajo","dm":0.3741,"fwi":3.74,"ndmi":0.2163,"dry":2.6,"inc":0.4413,"ni":"Baja","acc":"Sin acción especial","cp":"#6EC8F0","cu":"#FAD899","ca":"#1a9850"}},{"type":"Feature","geometry":{"type":"Polygon","coordinates":[[[1.60711,42.53899],[1.60691,42.548],[1.59474,42.54785],[1.59494,42.53884],[1.60711,42.53899]]]},"properties":{"id":"r12c15","np":2,"nombre":"Bajo","dm":0.3388,"fwi":3.74,"ndmi":0.2937,"dry":2.6,"inc":0.4419,"ni":"Baja","acc":"Sin acción especial","cp":"#6EC8F0","cu":"#FAD899","ca":"#1a9850"}},{"type":"Feature","geometry":{"type":"Polygon","coordinates":[[[1.61929,42.53914],[1.61909,42.54814],[1.60691,42.548],[1.60711,42.53899],[1.61929,42.53914]]]},"properties":{"id":"r12c16","np":2,"nombre":"Bajo","dm":0.3603,"fwi":3.74,"ndmi":0.2465,"dry":2.6,"inc":0.4413,"ni":"Baja","acc":"Sin acción especial","cp":"#6EC8F0","cu":"#FAD899","ca":"#1a9850"}},{"type":"Feature","geometry":{"type":"Polygon","coordinates":[[[1.63146,42.53929],[1.63127,42.54829],[1.61909,42.54814],[1.61929,42.53914],[1.63146,42.53929]]]},"properties":{"id":"r12c17","np":2,"nombre":"Bajo","dm":0.3769,"fwi":3.74,"ndmi":0.2102,"dry":2.6,"inc":0.4412,"ni":"Baja","acc":"Sin acción especial","cp":"#6EC8F0","cu":"#FAD899","ca":"#1a9850"}},{"type":"Feature","geometry":{"type":"Polygon","coordinates":[[[1.64364,42.53943],[1.64344,42.54844],[1.63127,42.54829],[1.63146,42.53929],[1.64364,42.53943]]]},"properties":{"id":"r12c18","np":3,"nombre":"Moderado","dm":0.4166,"fwi":3.74,"ndmi":0.123,"dry":2.6,"inc":0.4413,"ni":"Baja","acc":"Monitorización rutinaria","cp":"#6FCE44","cu":"#FAD899","ca":"#a6d96a"}},{"type":"Feature","geometry":{"type":"Polygon","coordinates":[[[1.65581,42.53958],[1.65562,42.54858],[1.64344,42.54844],[1.64364,42.53943],[1.65581,42.53958]]]},"properties":{"id":"r12c19","np":3,"nombre":"Moderado","dm":0.4143,"fwi":3.74,"ndmi":0.128,"dry":2.6,"inc":0.4417,"ni":"Baja","acc":"Monitorización rutinaria","cp":"#6FCE44","cu":"#FAD899","ca":"#a6d96a"}},{"type":"Feature","geometry":{"type":"Polygon","coordinates":[[[1.66799,42.53972],[1.6678,42.54872],[1.65562,42.54858],[1.65581,42.53958],[1.66799,42.53972]]]},"properties":{"id":"r12c20","np":3,"nombre":"Moderado","dm":0.4234,"fwi":3.31,"ndmi":0.0807,"dry":2.65,"inc":0.4372,"ni":"Baja","acc":"Monitorización rutinaria","cp":"#6FCE44","cu":"#FAD899","ca":"#a6d96a"}},{"type":"Feature","geometry":{"type":"Polygon","coordinates":[[[1.68016,42.53986],[1.67997,42.54886],[1.6678,42.54872],[1.66799,42.53972],[1.68016,42.53986]]]},"properties":{"id":"r12c21","np":3,"nombre":"Moderado","dm":0.3978,"fwi":3.31,"ndmi":0.1369,"dry":2.65,"inc":0.4375,"ni":"Baja","acc":"Monitorización rutinaria","cp":"#6FCE44","cu":"#FAD899","ca":"#a6d96a"}},{"type":"Feature","geometry":{"type":"Polygon","coordinates":[[[1.69234,42.54],[1.69215,42.549],[1.67997,42.54886],[1.68016,42.53986],[1.69234,42.54]]]},"properties":{"id":"r12c22","np":2,"nombre":"Bajo","dm":0.381,"fwi":3.31,"ndmi":0.1738,"dry":2.65,"inc":0.4372,"ni":"Baja","acc":"Sin acción especial","cp":"#6EC8F0","cu":"#FAD899","ca":"#1a9850"}},{"type":"Feature","geometry":{"type":"Polygon","coordinates":[[[1.70451,42.54014],[1.70433,42.54914],[1.69215,42.549],[1.69234,42.54],[1.70451,42.54014]]]},"properties":{"id":"r12c23","np":2,"nombre":"Bajo","dm":0.345,"fwi":3.31,"ndmi":0.2528,"dry":2.65,"inc":0.4383,"ni":"Baja","acc":"Sin acción especial","cp":"#6EC8F0","cu":"#FAD899","ca":"#1a9850"}},{"type":"Feature","geometry":{"type":"Polygon","coordinates":[[[1.71669,42.54027],[1.7165,42.54928],[1.70433,42.54914],[1.70451,42.54014],[1.71669,42.54027]]]},"properties":{"id":"r12c24","np":3,"nombre":"Moderado","dm":0.382,"fwi":3.31,"ndmi":0.1716,"dry":2.65,"inc":0.4371,"ni":"Baja","acc":"Monitorización rutinaria","cp":"#6FCE44","cu":"#FAD899","ca":"#a6d96a"}},{"type":"Feature","geometry":{"type":"Polygon","coordinates":[[[1.72886,42.54041],[1.72868,42.54941],[1.7165,42.54928],[1.71669,42.54027],[1.72886,42.54041]]]},"properties":{"id":"r12c25","np":3,"nombre":"Moderado","dm":0.3937,"fwi":3.31,"ndmi":0.1458,"dry":2.65,"inc":0.4372,"ni":"Baja","acc":"Monitorización rutinaria","cp":"#6FCE44","cu":"#FAD899","ca":"#a6d96a"}},{"type":"Feature","geometry":{"type":"Polygon","coordinates":[[[1.74104,42.54054],[1.74086,42.54955],[1.72868,42.54941],[1.72886,42.54041],[1.74104,42.54054]]]},"properties":{"id":"r12c26","np":3,"nombre":"Moderado","dm":0.391,"fwi":3.31,"ndmi":0.1517,"dry":2.65,"inc":0.4381,"ni":"Baja","acc":"Monitorización rutinaria","cp":"#6FCE44","cu":"#FAD899","ca":"#a6d96a"}},{"type":"Feature","geometry":{"type":"Polygon","coordinates":[[[1.42428,42.54563],[1.42406,42.55463],[1.41188,42.55446],[1.41211,42.54546],[1.42428,42.54563]]]},"properties":{"id":"r13c0","np":3,"nombre":"Moderado","dm":0.3985,"fwi":5.15,"ndmi":0.2215,"dry":3.2,"inc":0.4781,"ni":"Media","acc":"Monitorización rutinaria","cp":"#6FCE44","cu":"#EA9020","ca":"#a6d96a"}},{"type":"Feature","geometry":{"type":"Polygon","coordinates":[[[1.43646,42.5458],[1.43623,42.5548],[1.42406,42.55463],[1.42428,42.54563],[1.43646,42.5458]]]},"properties":{"id":"r13c1","np":3,"nombre":"Moderado","dm":0.3931,"fwi":5.39,"ndmi":0.2417,"dry":3.37,"inc":0.4752,"ni":"Media","acc":"Monitorización rutinaria","cp":"#6FCE44","cu":"#EA9020","ca":"#a6d96a"}},{"type":"Feature","geometry":{"type":"Polygon","coordinates":[[[1.44863,42.54596],[1.44841,42.55497],[1.43623,42.5548],[1.43646,42.5458],[1.44863,42.54596]]]},"properties":{"id":"r13c2","np":3,"nombre":"Moderado","dm":0.3888,"fwi":5.39,"ndmi":0.2513,"dry":3.37,"inc":0.4751,"ni":"Media","acc":"Monitorización rutinaria","cp":"#6FCE44","cu":"#EA9020","ca":"#a6d96a"}},{"type":"Feature","geometry":{"type":"Polygon","coordinates":[[[1.46081,42.54613],[1.46059,42.55513],[1.44841,42.55497],[1.44863,42.54596],[1.46081,42.54613]]]},"properties":{"id":"r13c3","np":2,"nombre":"Bajo","dm":0.3712,"fwi":5.27,"ndmi":0.2927,"dry":3.2,"inc":0.4764,"ni":"Media","acc":"Sin acción especial","cp":"#6EC8F0","cu":"#EA9020","ca":"#1a9850"}},{"type":"Feature","geometry":{"type":"Polygon","coordinates":[[[1.47298,42.54629],[1.47276,42.55529],[1.46059,42.55513],[1.46081,42.54613],[1.47298,42.54629]]]},"properties":{"id":"r13c4","np":3,"nombre":"Moderado","dm":0.3899,"fwi":5.27,"ndmi":0.2518,"dry":3.2,"inc":0.4761,"ni":"Media","acc":"Monitorización rutinaria","cp":"#6FCE44","cu":"#EA9020","ca":"#a6d96a"}},{"type":"Feature","geometry":{"type":"Polygon","coordinates":[[[1.48516,42.54645],[1.48494,42.55545],[1.47276,42.55529],[1.47298,42.54629],[1.48516,42.54645]]]},"properties":{"id":"r13c5","np":3,"nombre":"Moderado","dm":0.3923,"fwi":5.27,"ndmi":0.2465,"dry":3.2,"inc":0.4756,"ni":"Media","acc":"Monitorización rutinaria","cp":"#6FCE44","cu":"#EA9020","ca":"#a6d96a"}},{"type":"Feature","geometry":{"type":"Polygon","coordinates":[[[1.49733,42.54661],[1.49712,42.55561],[1.48494,42.55545],[1.48516,42.54645],[1.49733,42.54661]]]},"properties":{"id":"r13c6","np":2,"nombre":"Bajo","dm":0.3755,"fwi":5.27,"ndmi":0.2834,"dry":3.2,"inc":0.4759,"ni":"Media","acc":"Sin acción especial","cp":"#6EC8F0","cu":"#EA9020","ca":"#1a9850"}},{"type":"Feature","geometry":{"type":"Polygon","coordinates":[[[1.50951,42.54677],[1.50929,42.55577],[1.49712,42.55561],[1.49733,42.54661],[1.50951,42.54677]]]},"properties":{"id":"r13c7","np":3,"nombre":"Moderado","dm":0.3959,"fwi":5.27,"ndmi":0.2386,"dry":3.2,"inc":0.4753,"ni":"Media","acc":"Monitorización rutinaria","cp":"#6FCE44","cu":"#EA9020","ca":"#a6d96a"}},{"type":"Feature","geometry":{"type":"Polygon","coordinates":[[[1.52168,42.54693],[1.52147,42.55593],[1.50929,42.55577],[1.50951,42.54677],[1.52168,42.54693]]]},"properties":{"id":"r13c8","np":3,"nombre":"Moderado","dm":0.4255,"fwi":5.27,"ndmi":0.1736,"dry":3.2,"inc":0.4754,"ni":"Media","acc":"Monitorización rutinaria","cp":"#6FCE44","cu":"#EA9020","ca":"#a6d96a"}},{"type":"Feature","geometry":{"type":"Polygon","coordinates":[[[1.53386,42.54709],[1.53365,42.55609],[1.52147,42.55593],[1.52168,42.54693],[1.53386,42.54709]]]},"properties":{"id":"r13c9","np":3,"nombre":"Moderado","dm":0.4158,"fwi":5.27,"ndmi":0.1948,"dry":3.2,"inc":0.4761,"ni":"Media","acc":"Monitorización rutinaria","cp":"#6FCE44","cu":"#EA9020","ca":"#a6d96a"}},{"type":"Feature","geometry":{"type":"Polygon","coordinates":[[[1.54603,42.54724],[1.54583,42.55624],[1.53365,42.55609],[1.53386,42.54709],[1.54603,42.54724]]]},"properties":{"id":"r13c10","np":2,"nombre":"Bajo","dm":0.3612,"fwi":5.27,"ndmi":0.3156,"dry":3.2,"inc":0.476,"ni":"Media","acc":"Sin acción especial","cp":"#6EC8F0","cu":"#EA9020","ca":"#1a9850"}},{"type":"Feature","geometry":{"type":"Polygon","coordinates":[[[1.55821,42.54739],[1.558,42.5564],[1.54583,42.55624],[1.54603,42.54724],[1.55821,42.54739]]]},"properties":{"id":"r13c11","np":1,"nombre":"Muy bajo","dm":0.3229,"fwi":3.95,"ndmi":0.3666,"dry":2.6,"inc":0.4484,"ni":"Baja","acc":"Sin acción especial","cp":"#4A78C8","cu":"#FAD899","ca":"#1a9850"}},{"type":"Feature","geometry":{"type":"Polygon","coordinates":[[[1.57039,42.54755],[1.57018,42.55655],[1.558,42.5564],[1.55821,42.54739],[1.57039,42.54755]]]},"properties":{"id":"r13c12","np":2,"nombre":"Bajo","dm":0.3328,"fwi":4.16,"ndmi":0.349,"dry":2.74,"inc":0.4464,"ni":"Baja","acc":"Sin acción especial","cp":"#6EC8F0","cu":"#FAD899","ca":"#1a9850"}},{"type":"Feature","geometry":{"type":"Polygon","coordinates":[[[1.58256,42.5477],[1.58236,42.5567],[1.57018,42.55655],[1.57039,42.54755],[1.58256,42.5477]]]},"properties":{"id":"r13c13","np":2,"nombre":"Bajo","dm":0.3308,"fwi":3.95,"ndmi":0.3376,"dry":2.6,"inc":0.4487,"ni":"Baja","acc":"Sin acción especial","cp":"#6EC8F0","cu":"#FAD899","ca":"#1a9850"}},{"type":"Feature","geometry":{"type":"Polygon","coordinates":[[[1.59474,42.54785],[1.59454,42.55685],[1.58236,42.5567],[1.58256,42.5477],[1.59474,42.54785]]]},"properties":{"id":"r13c14","np":2,"nombre":"Bajo","dm":0.3692,"fwi":3.95,"ndmi":0.251,"dry":2.6,"inc":0.4485,"ni":"Baja","acc":"Sin acción especial","cp":"#6EC8F0","cu":"#FAD899","ca":"#1a9850"}},{"type":"Feature","geometry":{"type":"Polygon","coordinates":[[[1.60691,42.548],[1.60671,42.557],[1.59454,42.55685],[1.59474,42.54785],[1.60691,42.548]]]},"properties":{"id":"r13c15","np":2,"nombre":"Bajo","dm":0.3432,"fwi":3.95,"ndmi":0.3087,"dry":2.6,"inc":0.4487,"ni":"Baja","acc":"Sin acción especial","cp":"#6EC8F0","cu":"#FAD899","ca":"#1a9850"}},{"type":"Feature","geometry":{"type":"Polygon","coordinates":[[[1.61909,42.54814],[1.61889,42.55715],[1.60671,42.557],[1.60691,42.548],[1.61909,42.54814]]]},"properties":{"id":"r13c16","np":2,"nombre":"Bajo","dm":0.3271,"fwi":3.95,"ndmi":0.3459,"dry":2.6,"inc":0.449,"ni":"Media","acc":"Sin acción especial","cp":"#6EC8F0","cu":"#EA9020","ca":"#1a9850"}},{"type":"Feature","geometry":{"type":"Polygon","coordinates":[[[1.63127,42.54829],[1.63107,42.55729],[1.61889,42.55715],[1.61909,42.54814],[1.63127,42.54829]]]},"properties":{"id":"r13c17","np":3,"nombre":"Moderado","dm":0.4031,"fwi":3.95,"ndmi":0.1765,"dry":2.6,"inc":0.4482,"ni":"Baja","acc":"Monitorización rutinaria","cp":"#6FCE44","cu":"#FAD899","ca":"#a6d96a"}},{"type":"Feature","geometry":{"type":"Polygon","coordinates":[[[1.64344,42.54844],[1.64325,42.55744],[1.63107,42.55729],[1.63127,42.54829],[1.64344,42.54844]]]},"properties":{"id":"r13c18","np":3,"nombre":"Moderado","dm":0.4449,"fwi":3.95,"ndmi":0.0848,"dry":2.6,"inc":0.4485,"ni":"Baja","acc":"Monitorización rutinaria","cp":"#6FCE44","cu":"#FAD899","ca":"#a6d96a"}},{"type":"Feature","geometry":{"type":"Polygon","coordinates":[[[1.65562,42.54858],[1.65543,42.55758],[1.64325,42.55744],[1.64344,42.54844],[1.65562,42.54858]]]},"properties":{"id":"r13c19","np":4,"nombre":"Alto","dm":0.4559,"fwi":3.95,"ndmi":0.0606,"dry":2.6,"inc":0.4488,"ni":"Media","acc":"Alerta preventiva","cp":"#F5F23B","cu":"#EA9020","ca":"#fee08b"}},{"type":"Feature","geometry":{"type":"Polygon","coordinates":[[[1.6678,42.54872],[1.6676,42.55772],[1.65543,42.55758],[1.65562,42.54858],[1.6678,42.54872]]]},"properties":{"id":"r13c20","np":4,"nombre":"Alto","dm":0.4652,"fwi":4.72,"ndmi":0.1197,"dry":2.0,"inc":0.5267,"ni":"Alta","acc":"Alerta + más datos","cp":"#F5F23B","cu":"#C0392B","ca":"#fdae61"}},{"type":"Feature","geometry":{"type":"Polygon","coordinates":[[[1.67997,42.54886],[1.67978,42.55787],[1.6676,42.55772],[1.6678,42.54872],[1.67997,42.54886]]]},"properties":{"id":"r13c21","np":3,"nombre":"Moderado","dm":0.4276,"fwi":4.72,"ndmi":0.2022,"dry":2.0,"inc":0.5262,"ni":"Alta","acc":"Monitorización rutinaria","cp":"#6FCE44","cu":"#C0392B","ca":"#a6d96a"}},{"type":"Feature","geometry":{"type":"Polygon","coordinates":[[[1.69215,42.549],[1.69196,42.558],[1.67978,42.55787],[1.67997,42.54886],[1.69215,42.549]]]},"properties":{"id":"r13c22","np":3,"nombre":"Moderado","dm":0.4026,"fwi":4.72,"ndmi":0.2573,"dry":2.0,"inc":0.5251,"ni":"Alta","acc":"Monitorización rutinaria","cp":"#6FCE44","cu":"#C0392B","ca":"#a6d96a"}},{"type":"Feature","geometry":{"type":"Polygon","coordinates":[[[1.70433,42.54914],[1.70414,42.55814],[1.69196,42.558],[1.69215,42.549],[1.70433,42.54914]]]},"properties":{"id":"r13c23","np":3,"nombre":"Moderado","dm":0.4188,"fwi":4.72,"ndmi":0.2217,"dry":2.0,"inc":0.5264,"ni":"Alta","acc":"Monitorización rutinaria","cp":"#6FCE44","cu":"#C0392B","ca":"#a6d96a"}},{"type":"Feature","geometry":{"type":"Polygon","coordinates":[[[1.7165,42.54928],[1.71632,42.55828],[1.70414,42.55814],[1.70433,42.54914],[1.7165,42.54928]]]},"properties":{"id":"r13c24","np":4,"nombre":"Alto","dm":0.4974,"fwi":4.72,"ndmi":0.0491,"dry":2.0,"inc":0.5271,"ni":"Alta","acc":"Alerta + más datos","cp":"#F5F23B","cu":"#C0392B","ca":"#fdae61"}},{"type":"Feature","geometry":{"type":"Polygon","coordinates":[[[1.72868,42.54941],[1.7285,42.55842],[1.71632,42.55828],[1.7165,42.54928],[1.72868,42.54941]]]},"properties":{"id":"r13c25","np":4,"nombre":"Alto","dm":0.4702,"fwi":4.72,"ndmi":0.1087,"dry":2.0,"inc":0.5265,"ni":"Alta","acc":"Alerta + más datos","cp":"#F5F23B","cu":"#C0392B","ca":"#fdae61"}},{"type":"Feature","geometry":{"type":"Polygon","coordinates":[[[1.74086,42.54955],[1.74068,42.55855],[1.7285,42.55842],[1.72868,42.54941],[1.74086,42.54955]]]},"properties":{"id":"r13c26","np":3,"nombre":"Moderado","dm":0.4058,"fwi":4.72,"ndmi":0.2502,"dry":2.0,"inc":0.5248,"ni":"Alta","acc":"Monitorización rutinaria","cp":"#6FCE44","cu":"#C0392B","ca":"#a6d96a"}},{"type":"Feature","geometry":{"type":"Polygon","coordinates":[[[1.43623,42.5548],[1.43601,42.5638],[1.42383,42.56364],[1.42406,42.55463],[1.43623,42.5548]]]},"properties":{"id":"r14c1","np":3,"nombre":"Moderado","dm":0.4459,"fwi":5.15,"ndmi":0.1142,"dry":3.2,"inc":0.4771,"ni":"Media","acc":"Monitorización rutinaria","cp":"#6FCE44","cu":"#EA9020","ca":"#a6d96a"}},{"type":"Feature","geometry":{"type":"Polygon","coordinates":[[[1.44841,42.55497],[1.44819,42.56397],[1.43601,42.5638],[1.43623,42.5548],[1.44841,42.55497]]]},"properties":{"id":"r14c2","np":3,"nombre":"Moderado","dm":0.4123,"fwi":5.39,"ndmi":0.1997,"dry":3.37,"inc":0.4754,"ni":"Media","acc":"Monitorización rutinaria","cp":"#6FCE44","cu":"#EA9020","ca":"#a6d96a"}},{"type":"Feature","geometry":{"type":"Polygon","coordinates":[[[1.46059,42.55513],[1.46036,42.56413],[1.44819,42.56397],[1.44841,42.55497],[1.46059,42.55513]]]},"properties":{"id":"r14c3","np":3,"nombre":"Moderado","dm":0.4303,"fwi":5.27,"ndmi":0.1631,"dry":3.2,"inc":0.4761,"ni":"Media","acc":"Monitorización rutinaria","cp":"#6FCE44","cu":"#EA9020","ca":"#a6d96a"}},{"type":"Feature","geometry":{"type":"Polygon","coordinates":[[[1.47276,42.55529],[1.47254,42.5643],[1.46036,42.56413],[1.46059,42.55513],[1.47276,42.55529]]]},"properties":{"id":"r14c4","np":2,"nombre":"Bajo","dm":0.3737,"fwi":5.27,"ndmi":0.2874,"dry":3.2,"inc":0.4758,"ni":"Media","acc":"Sin acción especial","cp":"#6EC8F0","cu":"#EA9020","ca":"#1a9850"}},{"type":"Feature","geometry":{"type":"Polygon","coordinates":[[[1.48494,42.55545],[1.48472,42.56446],[1.47254,42.5643],[1.47276,42.55529],[1.48494,42.55545]]]},"properties":{"id":"r14c5","np":2,"nombre":"Bajo","dm":0.3768,"fwi":5.27,"ndmi":0.2805,"dry":3.2,"inc":0.4757,"ni":"Media","acc":"Sin acción especial","cp":"#6EC8F0","cu":"#EA9020","ca":"#1a9850"}},{"type":"Feature","geometry":{"type":"Polygon","coordinates":[[[1.49712,42.55561],[1.4969,42.56462],[1.48472,42.56446],[1.48494,42.55545],[1.49712,42.55561]]]},"properties":{"id":"r14c6","np":3,"nombre":"Moderado","dm":0.3869,"fwi":5.52,"ndmi":0.2666,"dry":3.37,"inc":0.4753,"ni":"Media","acc":"Monitorización rutinaria","cp":"#6FCE44","cu":"#EA9020","ca":"#a6d96a"}},{"type":"Feature","geometry":{"type":"Polygon","coordinates":[[[1.50929,42.55577],[1.50908,42.56478],[1.4969,42.56462],[1.49712,42.55561],[1.50929,42.55577]]]},"properties":{"id":"r14c7","np":3,"nombre":"Moderado","dm":0.4084,"fwi":5.52,"ndmi":0.2195,"dry":3.37,"inc":0.475,"ni":"Media","acc":"Monitorización rutinaria","cp":"#6FCE44","cu":"#EA9020","ca":"#a6d96a"}},{"type":"Feature","geometry":{"type":"Polygon","coordinates":[[[1.52147,42.55593],[1.52126,42.56493],[1.50908,42.56478],[1.50929,42.55577],[1.52147,42.55593]]]},"properties":{"id":"r14c8","np":3,"nombre":"Moderado","dm":0.3918,"fwi":5.21,"ndmi":0.2409,"dry":3.05,"inc":0.4845,"ni":"Media","acc":"Monitorización rutinaria","cp":"#6FCE44","cu":"#EA9020","ca":"#a6d96a"}},{"type":"Feature","geometry":{"type":"Polygon","coordinates":[[[1.53365,42.55609],[1.53344,42.56509],[1.52126,42.56493],[1.52147,42.55593],[1.53365,42.55609]]]},"properties":{"id":"r14c9","np":3,"nombre":"Moderado","dm":0.4187,"fwi":5.27,"ndmi":0.1886,"dry":3.2,"inc":0.4758,"ni":"Media","acc":"Monitorización rutinaria","cp":"#6FCE44","cu":"#EA9020","ca":"#a6d96a"}},{"type":"Feature","geometry":{"type":"Polygon","coordinates":[[[1.54583,42.55624],[1.54562,42.56525],[1.53344,42.56509],[1.53365,42.55609],[1.54583,42.55624]]]},"properties":{"id":"r14c10","np":3,"nombre":"Moderado","dm":0.4224,"fwi":5.27,"ndmi":0.1817,"dry":3.2,"inc":0.476,"ni":"Media","acc":"Monitorización rutinaria","cp":"#6FCE44","cu":"#EA9020","ca":"#a6d96a"}},{"type":"Feature","geometry":{"type":"Polygon","coordinates":[[[1.558,42.5564],[1.5578,42.5654],[1.54562,42.56525],[1.54583,42.55624],[1.558,42.5564]]]},"properties":{"id":"r14c11","np":2,"nombre":"Bajo","dm":0.3617,"fwi":3.95,"ndmi":0.2675,"dry":2.6,"inc":0.4487,"ni":"Baja","acc":"Sin acción especial","cp":"#6EC8F0","cu":"#FAD899","ca":"#1a9850"}},{"type":"Feature","geometry":{"type":"Polygon","coordinates":[[[1.57018,42.55655],[1.56997,42.56555],[1.5578,42.5654],[1.558,42.5564],[1.57018,42.55655]]]},"properties":{"id":"r14c12","np":2,"nombre":"Bajo","dm":0.3374,"fwi":3.95,"ndmi":0.3217,"dry":2.6,"inc":0.4485,"ni":"Baja","acc":"Sin acción especial","cp":"#6EC8F0","cu":"#FAD899","ca":"#1a9850"}},{"type":"Feature","geometry":{"type":"Polygon","coordinates":[[[1.58236,42.5567],[1.58215,42.5657],[1.56997,42.56555],[1.57018,42.55655],[1.58236,42.5567]]]},"properties":{"id":"r14c13","np":2,"nombre":"Bajo","dm":0.3569,"fwi":3.95,"ndmi":0.278,"dry":2.6,"inc":0.4487,"ni":"Baja","acc":"Sin acción especial","cp":"#6EC8F0","cu":"#FAD899","ca":"#1a9850"}},{"type":"Feature","geometry":{"type":"Polygon","coordinates":[[[1.59454,42.55685],[1.59433,42.56585],[1.58215,42.5657],[1.58236,42.5567],[1.59454,42.55685]]]},"properties":{"id":"r14c14","np":3,"nombre":"Moderado","dm":0.3872,"fwi":3.95,"ndmi":0.2114,"dry":2.6,"inc":0.4483,"ni":"Baja","acc":"Monitorización rutinaria","cp":"#6FCE44","cu":"#FAD899","ca":"#a6d96a"}},{"type":"Feature","geometry":{"type":"Polygon","coordinates":[[[1.60671,42.557],[1.60651,42.566],[1.59433,42.56585],[1.59454,42.55685],[1.60671,42.557]]]},"properties":{"id":"r14c15","np":2,"nombre":"Bajo","dm":0.3607,"fwi":3.95,"ndmi":0.2695,"dry":2.6,"inc":0.4491,"ni":"Media","acc":"Sin acción especial","cp":"#6EC8F0","cu":"#EA9020","ca":"#1a9850"}},{"type":"Feature","geometry":{"type":"Polygon","coordinates":[[[1.61889,42.55715],[1.61869,42.56615],[1.60651,42.566],[1.60671,42.557],[1.61889,42.55715]]]},"properties":{"id":"r14c16","np":2,"nombre":"Bajo","dm":0.3273,"fwi":3.95,"ndmi":0.3473,"dry":2.6,"inc":0.4489,"ni":"Media","acc":"Sin acción especial","cp":"#6EC8F0","cu":"#EA9020","ca":"#1a9850"}},{"type":"Feature","geometry":{"type":"Polygon","coordinates":[[[1.63107,42.55729],[1.63087,42.5663],[1.61869,42.56615],[1.61889,42.55715],[1.63107,42.55729]]]},"properties":{"id":"r14c17","np":2,"nombre":"Bajo","dm":0.3625,"fwi":3.95,"ndmi":0.2657,"dry":2.6,"inc":0.4482,"ni":"Baja","acc":"Sin acción especial","cp":"#6EC8F0","cu":"#FAD899","ca":"#1a9850"}},{"type":"Feature","geometry":{"type":"Polygon","coordinates":[[[1.64325,42.55744],[1.64305,42.56644],[1.63087,42.5663],[1.63107,42.55729],[1.64325,42.55744]]]},"properties":{"id":"r14c18","np":3,"nombre":"Moderado","dm":0.3927,"fwi":3.95,"ndmi":0.1993,"dry":2.6,"inc":0.4485,"ni":"Baja","acc":"Monitorización rutinaria","cp":"#6FCE44","cu":"#FAD899","ca":"#a6d96a"}},{"type":"Feature","geometry":{"type":"Polygon","coordinates":[[[1.65543,42.55758],[1.65523,42.56659],[1.64305,42.56644],[1.64325,42.55744],[1.65543,42.55758]]]},"properties":{"id":"r14c19","np":3,"nombre":"Moderado","dm":0.3998,"fwi":3.95,"ndmi":0.1838,"dry":2.6,"inc":0.4486,"ni":"Baja","acc":"Monitorización rutinaria","cp":"#6FCE44","cu":"#FAD899","ca":"#a6d96a"}},{"type":"Feature","geometry":{"type":"Polygon","coordinates":[[[1.6676,42.55772],[1.66741,42.56673],[1.65523,42.56659],[1.65543,42.55758],[1.6676,42.55772]]]},"properties":{"id":"r14c20","np":3,"nombre":"Moderado","dm":0.438,"fwi":4.72,"ndmi":0.1796,"dry":2.0,"inc":0.5266,"ni":"Alta","acc":"Monitorización rutinaria","cp":"#6FCE44","cu":"#C0392B","ca":"#a6d96a"}},{"type":"Feature","geometry":{"type":"Polygon","coordinates":[[[1.67978,42.55787],[1.67959,42.56687],[1.66741,42.56673],[1.6676,42.55772],[1.67978,42.55787]]]},"properties":{"id":"r14c21","np":3,"nombre":"Moderado","dm":0.3918,"fwi":4.72,"ndmi":0.2809,"dry":2.0,"inc":0.5245,"ni":"Alta","acc":"Monitorización rutinaria","cp":"#6FCE44","cu":"#C0392B","ca":"#a6d96a"}},{"type":"Feature","geometry":{"type":"Polygon","coordinates":[[[1.69196,42.558],[1.69177,42.56701],[1.67959,42.56687],[1.67978,42.55787],[1.69196,42.558]]]},"properties":{"id":"r14c22","np":3,"nombre":"Moderado","dm":0.4014,"fwi":4.73,"ndmi":0.2583,"dry":2.11,"inc":0.544,"ni":"Alta","acc":"Monitorización rutinaria","cp":"#6FCE44","cu":"#C0392B","ca":"#a6d96a"}},{"type":"Feature","geometry":{"type":"Polygon","coordinates":[[[1.70414,42.55814],[1.70395,42.56715],[1.69177,42.56701],[1.69196,42.558],[1.70414,42.55814]]]},"properties":{"id":"r14c23","np":4,"nombre":"Alto","dm":0.4537,"fwi":4.72,"ndmi":0.1449,"dry":2.0,"inc":0.5277,"ni":"Alta","acc":"Alerta + más datos","cp":"#F5F23B","cu":"#C0392B","ca":"#fdae61"}},{"type":"Feature","geometry":{"type":"Polygon","coordinates":[[[1.71632,42.55828],[1.71613,42.56728],[1.70395,42.56715],[1.70414,42.55814],[1.71632,42.55828]]]},"properties":{"id":"r14c24","np":4,"nombre":"Alto","dm":0.514,"fwi":4.72,"ndmi":0.0102,"dry":2.0,"inc":0.5272,"ni":"Alta","acc":"Alerta + más datos","cp":"#F5F23B","cu":"#C0392B","ca":"#fdae61"}},{"type":"Feature","geometry":{"type":"Polygon","coordinates":[[[1.7285,42.55842],[1.72831,42.56742],[1.71613,42.56728],[1.71632,42.55828],[1.7285,42.55842]]]},"properties":{"id":"r14c25","np":4,"nombre":"Alto","dm":0.4818,"fwi":4.72,"ndmi":0.0833,"dry":2.0,"inc":0.5266,"ni":"Alta","acc":"Alerta + más datos","cp":"#F5F23B","cu":"#C0392B","ca":"#fdae61"}},{"type":"Feature","geometry":{"type":"Polygon","coordinates":[[[1.74068,42.55855],[1.7405,42.56755],[1.72831,42.56742],[1.7285,42.55842],[1.74068,42.55855]]]},"properties":{"id":"r14c26","np":3,"nombre":"Moderado","dm":0.4224,"fwi":4.72,"ndmi":0.2138,"dry":2.0,"inc":0.5253,"ni":"Alta","acc":"Monitorización rutinaria","cp":"#6FCE44","cu":"#C0392B","ca":"#a6d96a"}},{"type":"Feature","geometry":{"type":"Polygon","coordinates":[[[1.75286,42.55868],[1.75268,42.56769],[1.7405,42.56755],[1.74068,42.55855],[1.75286,42.55868]]]},"properties":{"id":"r14c27","np":3,"nombre":"Moderado","dm":0.4008,"fwi":4.72,"ndmi":0.2612,"dry":2.0,"inc":0.5244,"ni":"Alta","acc":"Monitorización rutinaria","cp":"#6FCE44","cu":"#C0392B","ca":"#a6d96a"}},{"type":"Feature","geometry":{"type":"Polygon","coordinates":[[[1.76503,42.55882],[1.76486,42.56782],[1.75268,42.56769],[1.75286,42.55868],[1.76503,42.55882]]]},"properties":{"id":"r14c28","np":3,"nombre":"Moderado","dm":0.439,"fwi":7.53,"ndmi":0.2522,"dry":2.9,"inc":0.4972,"ni":"Media","acc":"Monitorización rutinaria","cp":"#6FCE44","cu":"#EA9020","ca":"#a6d96a"}},{"type":"Feature","geometry":{"type":"Polygon","coordinates":[[[1.77721,42.55895],[1.77704,42.56795],[1.76486,42.56782],[1.76503,42.55882],[1.77721,42.55895]]]},"properties":{"id":"r14c29","np":3,"nombre":"Moderado","dm":0.4424,"fwi":7.53,"ndmi":0.2448,"dry":2.9,"inc":0.4961,"ni":"Media","acc":"Monitorización rutinaria","cp":"#6FCE44","cu":"#EA9020","ca":"#a6d96a"}},{"type":"Feature","geometry":{"type":"Polygon","coordinates":[[[1.44819,42.56397],[1.44796,42.57297],[1.43578,42.5728],[1.43601,42.5638],[1.44819,42.56397]]]},"properties":{"id":"r15c2","np":4,"nombre":"Alto","dm":0.4517,"fwi":5.39,"ndmi":0.1131,"dry":3.37,"inc":0.474,"ni":"Media","acc":"Alerta preventiva","cp":"#F5F23B","cu":"#EA9020","ca":"#fee08b"}},{"type":"Feature","geometry":{"type":"Polygon","coordinates":[[[1.46036,42.56413],[1.46014,42.57313],[1.44796,42.57297],[1.44819,42.56397],[1.46036,42.56413]]]},"properties":{"id":"r15c3","np":4,"nombre":"Alto","dm":0.4527,"fwi":5.27,"ndmi":0.1139,"dry":3.2,"inc":0.4759,"ni":"Media","acc":"Alerta preventiva","cp":"#F5F23B","cu":"#EA9020","ca":"#fee08b"}},{"type":"Feature","geometry":{"type":"Polygon","coordinates":[[[1.47254,42.5643],[1.47232,42.5733],[1.46014,42.57313],[1.46036,42.56413],[1.47254,42.5643]]]},"properties":{"id":"r15c4","np":3,"nombre":"Moderado","dm":0.4083,"fwi":5.27,"ndmi":0.2114,"dry":3.2,"inc":0.4763,"ni":"Media","acc":"Monitorización rutinaria","cp":"#6FCE44","cu":"#EA9020","ca":"#a6d96a"}},{"type":"Feature","geometry":{"type":"Polygon","coordinates":[[[1.48472,42.56446],[1.4845,42.57346],[1.47232,42.5733],[1.47254,42.5643],[1.48472,42.56446]]]},"properties":{"id":"r15c5","np":2,"nombre":"Bajo","dm":0.3763,"fwi":5.27,"ndmi":0.2815,"dry":3.2,"inc":0.4753,"ni":"Media","acc":"Sin acción especial","cp":"#6EC8F0","cu":"#EA9020","ca":"#1a9850"}},{"type":"Feature","geometry":{"type":"Polygon","coordinates":[[[1.4969,42.56462],[1.49668,42.57362],[1.4845,42.57346],[1.48472,42.56446],[1.4969,42.56462]]]},"properties":{"id":"r15c6","np":3,"nombre":"Moderado","dm":0.4086,"fwi":5.52,"ndmi":0.2189,"dry":3.37,"inc":0.4749,"ni":"Media","acc":"Monitorización rutinaria","cp":"#6FCE44","cu":"#EA9020","ca":"#a6d96a"}},{"type":"Feature","geometry":{"type":"Polygon","coordinates":[[[1.50908,42.56478],[1.50886,42.57378],[1.49668,42.57362],[1.4969,42.56462],[1.50908,42.56478]]]},"properties":{"id":"r15c7","np":3,"nombre":"Moderado","dm":0.3904,"fwi":5.52,"ndmi":0.2589,"dry":3.37,"inc":0.4754,"ni":"Media","acc":"Monitorización rutinaria","cp":"#6FCE44","cu":"#EA9020","ca":"#a6d96a"}},{"type":"Feature","geometry":{"type":"Polygon","coordinates":[[[1.52126,42.56493],[1.52105,42.57394],[1.50886,42.57378],[1.50908,42.56478],[1.52126,42.56493]]]},"properties":{"id":"r15c8","np":3,"nombre":"Moderado","dm":0.3889,"fwi":5.21,"ndmi":0.2474,"dry":3.05,"inc":0.4847,"ni":"Media","acc":"Monitorización rutinaria","cp":"#6FCE44","cu":"#EA9020","ca":"#a6d96a"}},{"type":"Feature","geometry":{"type":"Polygon","coordinates":[[[1.53344,42.56509],[1.53323,42.57409],[1.52105,42.57394],[1.52126,42.56493],[1.53344,42.56509]]]},"properties":{"id":"r15c9","np":3,"nombre":"Moderado","dm":0.3915,"fwi":5.27,"ndmi":0.2483,"dry":3.2,"inc":0.4766,"ni":"Media","acc":"Monitorización rutinaria","cp":"#6FCE44","cu":"#EA9020","ca":"#a6d96a"}},{"type":"Feature","geometry":{"type":"Polygon","coordinates":[[[1.54562,42.56525],[1.54541,42.57425],[1.53323,42.57409],[1.53344,42.56509],[1.54562,42.56525]]]},"properties":{"id":"r15c10","np":2,"nombre":"Bajo","dm":0.3749,"fwi":5.27,"ndmi":0.2848,"dry":3.2,"inc":0.4757,"ni":"Media","acc":"Sin acción especial","cp":"#6EC8F0","cu":"#EA9020","ca":"#1a9850"}},{"type":"Feature","geometry":{"type":"Polygon","coordinates":[[[1.5578,42.5654],[1.55759,42.5744],[1.54541,42.57425],[1.54562,42.56525],[1.5578,42.5654]]]},"properties":{"id":"r15c11","np":2,"nombre":"Bajo","dm":0.3625,"fwi":3.95,"ndmi":0.2657,"dry":2.6,"inc":0.4486,"ni":"Baja","acc":"Sin acción especial","cp":"#6EC8F0","cu":"#FAD899","ca":"#1a9850"}},{"type":"Feature","geometry":{"type":"Polygon","coordinates":[[[1.56997,42.56555],[1.56977,42.57456],[1.55759,42.5744],[1.5578,42.5654],[1.56997,42.56555]]]},"properties":{"id":"r15c12","np":2,"nombre":"Bajo","dm":0.3576,"fwi":3.95,"ndmi":0.2763,"dry":2.6,"inc":0.4486,"ni":"Baja","acc":"Sin acción especial","cp":"#6EC8F0","cu":"#FAD899","ca":"#1a9850"}},{"type":"Feature","geometry":{"type":"Polygon","coordinates":[[[1.58215,42.5657],[1.58195,42.57471],[1.56977,42.57456],[1.56997,42.56555],[1.58215,42.5657]]]},"properties":{"id":"r15c13","np":2,"nombre":"Bajo","dm":0.3708,"fwi":3.95,"ndmi":0.2475,"dry":2.6,"inc":0.4488,"ni":"Media","acc":"Sin acción especial","cp":"#6EC8F0","cu":"#EA9020","ca":"#1a9850"}},{"type":"Feature","geometry":{"type":"Polygon","coordinates":[[[1.59433,42.56585],[1.59413,42.57486],[1.58195,42.57471],[1.58215,42.5657],[1.59433,42.56585]]]},"properties":{"id":"r15c14","np":2,"nombre":"Bajo","dm":0.3705,"fwi":3.95,"ndmi":0.2481,"dry":2.6,"inc":0.4485,"ni":"Baja","acc":"Sin acción especial","cp":"#6EC8F0","cu":"#FAD899","ca":"#1a9850"}},{"type":"Feature","geometry":{"type":"Polygon","coordinates":[[[1.60651,42.566],[1.60631,42.57501],[1.59413,42.57486],[1.59433,42.56585],[1.60651,42.566]]]},"properties":{"id":"r15c15","np":3,"nombre":"Moderado","dm":0.407,"fwi":3.95,"ndmi":0.1679,"dry":2.6,"inc":0.448,"ni":"Baja","acc":"Monitorización rutinaria","cp":"#6FCE44","cu":"#FAD899","ca":"#a6d96a"}},{"type":"Feature","geometry":{"type":"Polygon","coordinates":[[[1.61869,42.56615],[1.61849,42.57515],[1.60631,42.57501],[1.60651,42.566],[1.61869,42.56615]]]},"properties":{"id":"r15c16","np":2,"nombre":"Bajo","dm":0.3547,"fwi":3.95,"ndmi":0.2828,"dry":2.6,"inc":0.4485,"ni":"Baja","acc":"Sin acción especial","cp":"#6EC8F0","cu":"#FAD899","ca":"#1a9850"}},{"type":"Feature","geometry":{"type":"Polygon","coordinates":[[[1.63087,42.5663],[1.63068,42.5753],[1.61849,42.57515],[1.61869,42.56615],[1.63087,42.5663]]]},"properties":{"id":"r15c17","np":1,"nombre":"Muy bajo","dm":0.3215,"fwi":3.95,"ndmi":0.3705,"dry":2.6,"inc":0.4486,"ni":"Baja","acc":"Sin acción especial","cp":"#4A78C8","cu":"#FAD899","ca":"#1a9850"}},{"type":"Feature","geometry":{"type":"Polygon","coordinates":[[[1.64305,42.56644],[1.64286,42.57544],[1.63068,42.5753],[1.63087,42.5663],[1.64305,42.56644]]]},"properties":{"id":"r15c18","np":2,"nombre":"Bajo","dm":0.3354,"fwi":3.95,"ndmi":0.327,"dry":2.6,"inc":0.4488,"ni":"Media","acc":"Sin acción especial","cp":"#6EC8F0","cu":"#EA9020","ca":"#1a9850"}},{"type":"Feature","geometry":{"type":"Polygon","coordinates":[[[1.65523,42.56659],[1.65504,42.57559],[1.64286,42.57544],[1.64305,42.56644],[1.65523,42.56659]]]},"properties":{"id":"r15c19","np":2,"nombre":"Bajo","dm":0.3419,"fwi":3.95,"ndmi":0.311,"dry":2.6,"inc":0.4487,"ni":"Baja","acc":"Sin acción especial","cp":"#6EC8F0","cu":"#FAD899","ca":"#1a9850"}},{"type":"Feature","geometry":{"type":"Polygon","coordinates":[[[1.66741,42.56673],[1.66722,42.57573],[1.65504,42.57559],[1.65523,42.56659],[1.66741,42.56673]]]},"properties":{"id":"r15c20","np":2,"nombre":"Bajo","dm":0.3584,"fwi":4.72,"ndmi":0.36,"dry":2.0,"inc":0.5246,"ni":"Alta","acc":"Sin acción especial","cp":"#6EC8F0","cu":"#C0392B","ca":"#1a9850"}},{"type":"Feature","geometry":{"type":"Polygon","coordinates":[[[1.67959,42.56687],[1.6794,42.57587],[1.66722,42.57573],[1.66741,42.56673],[1.67959,42.56687]]]},"properties":{"id":"r15c21","np":3,"nombre":"Moderado","dm":0.3965,"fwi":4.72,"ndmi":0.2706,"dry":2.0,"inc":0.5248,"ni":"Alta","acc":"Monitorización rutinaria","cp":"#6FCE44","cu":"#C0392B","ca":"#a6d96a"}},{"type":"Feature","geometry":{"type":"Polygon","coordinates":[[[1.69177,42.56701],[1.69159,42.57601],[1.6794,42.57587],[1.67959,42.56687],[1.69177,42.56701]]]},"properties":{"id":"r15c22","np":3,"nombre":"Moderado","dm":0.4189,"fwi":4.72,"ndmi":0.2214,"dry":2.0,"inc":0.5264,"ni":"Alta","acc":"Monitorización rutinaria","cp":"#6FCE44","cu":"#C0392B","ca":"#a6d96a"}},{"type":"Feature","geometry":{"type":"Polygon","coordinates":[[[1.70395,42.56715],[1.70377,42.57615],[1.69159,42.57601],[1.69177,42.56701],[1.70395,42.56715]]]},"properties":{"id":"r15c23","np":4,"nombre":"Alto","dm":0.5083,"fwi":4.72,"ndmi":0.0251,"dry":2.0,"inc":0.5272,"ni":"Alta","acc":"Alerta + más datos","cp":"#F5F23B","cu":"#C0392B","ca":"#fdae61"}},{"type":"Feature","geometry":{"type":"Polygon","coordinates":[[[1.71613,42.56728],[1.71595,42.57629],[1.70377,42.57615],[1.70395,42.56715],[1.71613,42.56728]]]},"properties":{"id":"r15c24","np":4,"nombre":"Alto","dm":0.4657,"fwi":4.72,"ndmi":0.1187,"dry":2.0,"inc":0.5269,"ni":"Alta","acc":"Alerta + más datos","cp":"#F5F23B","cu":"#C0392B","ca":"#fdae61"}},{"type":"Feature","geometry":{"type":"Polygon","coordinates":[[[1.72831,42.56742],[1.72813,42.57642],[1.71595,42.57629],[1.71613,42.56728],[1.72831,42.56742]]]},"properties":{"id":"r15c25","np":3,"nombre":"Moderado","dm":0.4356,"fwi":4.72,"ndmi":0.1849,"dry":2.0,"inc":0.527,"ni":"Alta","acc":"Monitorización rutinaria","cp":"#6FCE44","cu":"#C0392B","ca":"#a6d96a"}},{"type":"Feature","geometry":{"type":"Polygon","coordinates":[[[1.7405,42.56755],[1.74031,42.57656],[1.72813,42.57642],[1.72831,42.56742],[1.7405,42.56755]]]},"properties":{"id":"r15c26","np":4,"nombre":"Alto","dm":0.4523,"fwi":4.72,"ndmi":0.1482,"dry":2.0,"inc":0.5272,"ni":"Alta","acc":"Alerta + más datos","cp":"#F5F23B","cu":"#C0392B","ca":"#fdae61"}},{"type":"Feature","geometry":{"type":"Polygon","coordinates":[[[1.75268,42.56769],[1.7525,42.57669],[1.74031,42.57656],[1.7405,42.56755],[1.75268,42.56769]]]},"properties":{"id":"r15c27","np":3,"nombre":"Moderado","dm":0.4364,"fwi":4.72,"ndmi":0.183,"dry":2.0,"inc":0.5266,"ni":"Alta","acc":"Monitorización rutinaria","cp":"#6FCE44","cu":"#C0392B","ca":"#a6d96a"}},{"type":"Feature","geometry":{"type":"Polygon","coordinates":[[[1.76486,42.56782],[1.76468,42.57682],[1.7525,42.57669],[1.75268,42.56769],[1.76486,42.56782]]]},"properties":{"id":"r15c28","np":4,"nombre":"Alto","dm":0.4881,"fwi":7.53,"ndmi":0.1444,"dry":2.9,"inc":0.4941,"ni":"Media","acc":"Alerta preventiva","cp":"#F5F23B","cu":"#EA9020","ca":"#fee08b"}},{"type":"Feature","geometry":{"type":"Polygon","coordinates":[[[1.77704,42.56795],[1.77686,42.57695],[1.76468,42.57682],[1.76486,42.56782],[1.77704,42.56795]]]},"properties":{"id":"r15c29","np":4,"nombre":"Alto","dm":0.4686,"fwi":6.97,"ndmi":0.1651,"dry":2.68,"inc":0.4968,"ni":"Media","acc":"Alerta preventiva","cp":"#F5F23B","cu":"#EA9020","ca":"#fee08b"}},{"type":"Feature","geometry":{"type":"Polygon","coordinates":[[[1.78922,42.56808],[1.78904,42.57708],[1.77686,42.57695],[1.77704,42.56795],[1.78922,42.56808]]]},"properties":{"id":"r15c30","np":3,"nombre":"Moderado","dm":0.4399,"fwi":6.97,"ndmi":0.2283,"dry":2.68,"inc":0.4972,"ni":"Alta","acc":"Monitorización rutinaria","cp":"#6FCE44","cu":"#C0392B","ca":"#a6d96a"}},{"type":"Feature","geometry":{"type":"Polygon","coordinates":[[[1.43578,42.5728],[1.43556,42.58181],[1.42338,42.58164],[1.4236,42.57264],[1.43578,42.5728]]]},"properties":{"id":"r16c1","np":4,"nombre":"Alto","dm":0.4895,"fwi":5.15,"ndmi":0.0217,"dry":3.2,"inc":0.4776,"ni":"Media","acc":"Alerta preventiva","cp":"#F5F23B","cu":"#EA9020","ca":"#fee08b"}},{"type":"Feature","geometry":{"type":"Polygon","coordinates":[[[1.44796,42.57297],[1.44774,42.58197],[1.43556,42.58181],[1.43578,42.5728],[1.44796,42.57297]]]},"properties":{"id":"r16c2","np":4,"nombre":"Alto","dm":0.4644,"fwi":5.15,"ndmi":0.0769,"dry":3.2,"inc":0.4765,"ni":"Media","acc":"Alerta preventiva","cp":"#F5F23B","cu":"#EA9020","ca":"#fee08b"}},{"type":"Feature","geometry":{"type":"Polygon","coordinates":[[[1.46014,42.57313],[1.45992,42.58214],[1.44774,42.58197],[1.44796,42.57297],[1.46014,42.57313]]]},"properties":{"id":"r16c3","np":4,"nombre":"Alto","dm":0.4509,"fwi":5.27,"ndmi":0.1178,"dry":3.2,"inc":0.4754,"ni":"Media","acc":"Alerta preventiva","cp":"#F5F23B","cu":"#EA9020","ca":"#fee08b"}},{"type":"Feature","geometry":{"type":"Polygon","coordinates":[[[1.47232,42.5733],[1.4721,42.5823],[1.45992,42.58214],[1.46014,42.57313],[1.47232,42.5733]]]},"properties":{"id":"r16c4","np":3,"nombre":"Moderado","dm":0.4273,"fwi":5.27,"ndmi":0.1696,"dry":3.2,"inc":0.4759,"ni":"Media","acc":"Monitorización rutinaria","cp":"#6FCE44","cu":"#EA9020","ca":"#a6d96a"}},{"type":"Feature","geometry":{"type":"Polygon","coordinates":[[[1.4845,42.57346],[1.48429,42.58246],[1.4721,42.5823],[1.47232,42.5733],[1.4845,42.57346]]]},"properties":{"id":"r16c5","np":3,"nombre":"Moderado","dm":0.3964,"fwi":5.52,"ndmi":0.2458,"dry":3.37,"inc":0.475,"ni":"Media","acc":"Monitorización rutinaria","cp":"#6FCE44","cu":"#EA9020","ca":"#a6d96a"}},{"type":"Feature","geometry":{"type":"Polygon","coordinates":[[[1.49668,42.57362],[1.49647,42.58262],[1.48429,42.58246],[1.4845,42.57346],[1.49668,42.57362]]]},"properties":{"id":"r16c6","np":2,"nombre":"Bajo","dm":0.3803,"fwi":5.52,"ndmi":0.2811,"dry":3.37,"inc":0.4758,"ni":"Media","acc":"Sin acción especial","cp":"#6EC8F0","cu":"#EA9020","ca":"#1a9850"}},{"type":"Feature","geometry":{"type":"Polygon","coordinates":[[[1.50886,42.57378],[1.50865,42.58278],[1.49647,42.58262],[1.49668,42.57362],[1.50886,42.57378]]]},"properties":{"id":"r16c7","np":2,"nombre":"Bajo","dm":0.3753,"fwi":5.52,"ndmi":0.2919,"dry":3.37,"inc":0.4754,"ni":"Media","acc":"Sin acción especial","cp":"#6EC8F0","cu":"#EA9020","ca":"#1a9850"}},{"type":"Feature","geometry":{"type":"Polygon","coordinates":[[[1.52105,42.57394],[1.52083,42.58294],[1.50865,42.58278],[1.50886,42.57378],[1.52105,42.57394]]]},"properties":{"id":"r16c8","np":3,"nombre":"Moderado","dm":0.4037,"fwi":5.52,"ndmi":0.2298,"dry":3.37,"inc":0.4755,"ni":"Media","acc":"Monitorización rutinaria","cp":"#6FCE44","cu":"#EA9020","ca":"#a6d96a"}},{"type":"Feature","geometry":{"type":"Polygon","coordinates":[[[1.53323,42.57409],[1.53301,42.5831],[1.52083,42.58294],[1.52105,42.57394],[1.53323,42.57409]]]},"properties":{"id":"r16c9","np":2,"nombre":"Bajo","dm":0.3707,"fwi":5.27,"ndmi":0.294,"dry":3.2,"inc":0.4753,"ni":"Media","acc":"Sin acción especial","cp":"#6EC8F0","cu":"#EA9020","ca":"#1a9850"}},{"type":"Feature","geometry":{"type":"Polygon","coordinates":[[[1.54541,42.57425],[1.5452,42.58325],[1.53301,42.5831],[1.53323,42.57409],[1.54541,42.57425]]]},"properties":{"id":"r16c10","np":2,"nombre":"Bajo","dm":0.3504,"fwi":5.27,"ndmi":0.3436,"dry":3.2,"inc":0.4763,"ni":"Media","acc":"Sin acción especial","cp":"#6EC8F0","cu":"#EA9020","ca":"#1a9850"}},{"type":"Feature","geometry":{"type":"Polygon","coordinates":[[[1.55759,42.5744],[1.55738,42.58341],[1.5452,42.58325],[1.54541,42.57425],[1.55759,42.5744]]]},"properties":{"id":"r16c11","np":2,"nombre":"Bajo","dm":0.3587,"fwi":4.16,"ndmi":0.2853,"dry":2.74,"inc":0.4463,"ni":"Baja","acc":"Sin acción especial","cp":"#6EC8F0","cu":"#FAD899","ca":"#1a9850"}},{"type":"Feature","geometry":{"type":"Polygon","coordinates":[[[1.56977,42.57456],[1.56956,42.58356],[1.55738,42.58341],[1.55759,42.5744],[1.56977,42.57456]]]},"properties":{"id":"r16c12","np":4,"nombre":"Alto","dm":0.4529,"fwi":4.16,"ndmi":0.0784,"dry":2.74,"inc":0.4458,"ni":"Baja","acc":"Alerta preventiva","cp":"#F5F23B","cu":"#FAD899","ca":"#fee08b"}},{"type":"Feature","geometry":{"type":"Polygon","coordinates":[[[1.58195,42.57471],[1.58175,42.58371],[1.56956,42.58356],[1.56977,42.57456],[1.58195,42.57471]]]},"properties":{"id":"r16c13","np":3,"nombre":"Moderado","dm":0.441,"fwi":4.16,"ndmi":0.1046,"dry":2.74,"inc":0.4459,"ni":"Baja","acc":"Monitorización rutinaria","cp":"#6FCE44","cu":"#FAD899","ca":"#a6d96a"}},{"type":"Feature","geometry":{"type":"Polygon","coordinates":[[[1.59413,42.57486],[1.59393,42.58386],[1.58175,42.58371],[1.58195,42.57471],[1.59413,42.57486]]]},"properties":{"id":"r16c14","np":2,"nombre":"Bajo","dm":0.3755,"fwi":4.16,"ndmi":0.2486,"dry":2.74,"inc":0.4463,"ni":"Baja","acc":"Sin acción especial","cp":"#6EC8F0","cu":"#FAD899","ca":"#1a9850"}},{"type":"Feature","geometry":{"type":"Polygon","coordinates":[[[1.60631,42.57501],[1.60611,42.58401],[1.59393,42.58386],[1.59413,42.57486],[1.60631,42.57501]]]},"properties":{"id":"r16c15","np":2,"nombre":"Bajo","dm":0.3677,"fwi":3.95,"ndmi":0.2542,"dry":2.6,"inc":0.4484,"ni":"Baja","acc":"Sin acción especial","cp":"#6EC8F0","cu":"#FAD899","ca":"#1a9850"}},{"type":"Feature","geometry":{"type":"Polygon","coordinates":[[[1.61849,42.57515],[1.6183,42.58416],[1.60611,42.58401],[1.60631,42.57501],[1.61849,42.57515]]]},"properties":{"id":"r16c16","np":2,"nombre":"Bajo","dm":0.3667,"fwi":4.12,"ndmi":0.2521,"dry":2.74,"inc":0.4449,"ni":"Baja","acc":"Sin acción especial","cp":"#6EC8F0","cu":"#FAD899","ca":"#1a9850"}},{"type":"Feature","geometry":{"type":"Polygon","coordinates":[[[1.63068,42.5753],[1.63048,42.5843],[1.6183,42.58416],[1.61849,42.57515],[1.63068,42.5753]]]},"properties":{"id":"r16c17","np":3,"nombre":"Moderado","dm":0.4036,"fwi":3.95,"ndmi":0.1755,"dry":2.6,"inc":0.4481,"ni":"Baja","acc":"Monitorización rutinaria","cp":"#6FCE44","cu":"#FAD899","ca":"#a6d96a"}},{"type":"Feature","geometry":{"type":"Polygon","coordinates":[[[1.64286,42.57544],[1.64266,42.58445],[1.63048,42.5843],[1.63068,42.5753],[1.64286,42.57544]]]},"properties":{"id":"r16c18","np":3,"nombre":"Moderado","dm":0.3843,"fwi":3.95,"ndmi":0.2177,"dry":2.6,"inc":0.4487,"ni":"Baja","acc":"Monitorización rutinaria","cp":"#6FCE44","cu":"#FAD899","ca":"#a6d96a"}},{"type":"Feature","geometry":{"type":"Polygon","coordinates":[[[1.65504,42.57559],[1.65485,42.58459],[1.64266,42.58445],[1.64286,42.57544],[1.65504,42.57559]]]},"properties":{"id":"r16c19","np":3,"nombre":"Moderado","dm":0.4023,"fwi":3.95,"ndmi":0.1783,"dry":2.6,"inc":0.4484,"ni":"Baja","acc":"Monitorización rutinaria","cp":"#6FCE44","cu":"#FAD899","ca":"#a6d96a"}},{"type":"Feature","geometry":{"type":"Polygon","coordinates":[[[1.66722,42.57573],[1.66703,42.58473],[1.65485,42.58459],[1.65504,42.57559],[1.66722,42.57573]]]},"properties":{"id":"r16c20","np":3,"nombre":"Moderado","dm":0.4314,"fwi":4.72,"ndmi":0.1939,"dry":2.0,"inc":0.5266,"ni":"Alta","acc":"Monitorización rutinaria","cp":"#6FCE44","cu":"#C0392B","ca":"#a6d96a"}},{"type":"Feature","geometry":{"type":"Polygon","coordinates":[[[1.6794,42.57587],[1.67921,42.58488],[1.66703,42.58473],[1.66722,42.57573],[1.6794,42.57587]]]},"properties":{"id":"r16c21","np":3,"nombre":"Moderado","dm":0.3917,"fwi":4.72,"ndmi":0.281,"dry":2.0,"inc":0.5259,"ni":"Alta","acc":"Monitorización rutinaria","cp":"#6FCE44","cu":"#C0392B","ca":"#a6d96a"}},{"type":"Feature","geometry":{"type":"Polygon","coordinates":[[[1.69159,42.57601],[1.6914,42.58502],[1.67921,42.58488],[1.6794,42.57587],[1.69159,42.57601]]]},"properties":{"id":"r16c22","np":3,"nombre":"Moderado","dm":0.4413,"fwi":4.72,"ndmi":0.1721,"dry":2.0,"inc":0.5272,"ni":"Alta","acc":"Monitorización rutinaria","cp":"#6FCE44","cu":"#C0392B","ca":"#a6d96a"}},{"type":"Feature","geometry":{"type":"Polygon","coordinates":[[[1.70377,42.57615],[1.70358,42.58515],[1.6914,42.58502],[1.69159,42.57601],[1.70377,42.57615]]]},"properties":{"id":"r16c23","np":4,"nombre":"Alto","dm":0.5061,"fwi":4.72,"ndmi":0.0299,"dry":2.0,"inc":0.527,"ni":"Alta","acc":"Alerta + más datos","cp":"#F5F23B","cu":"#C0392B","ca":"#fdae61"}},{"type":"Feature","geometry":{"type":"Polygon","coordinates":[[[1.71595,42.57629],[1.71576,42.58529],[1.70358,42.58515],[1.70377,42.57615],[1.71595,42.57629]]]},"properties":{"id":"r16c24","np":4,"nombre":"Alto","dm":0.5038,"fwi":4.59,"ndmi":0.0284,"dry":2.0,"inc":0.5475,"ni":"Alta","acc":"Alerta + más datos","cp":"#F5F23B","cu":"#C0392B","ca":"#fdae61"}},{"type":"Feature","geometry":{"type":"Polygon","coordinates":[[[1.72813,42.57642],[1.72795,42.58543],[1.71576,42.58529],[1.71595,42.57629],[1.72813,42.57642]]]},"properties":{"id":"r16c25","np":4,"nombre":"Alto","dm":0.5162,"fwi":4.59,"ndmi":0.0014,"dry":2.0,"inc":0.5478,"ni":"Alta","acc":"Alerta + más datos","cp":"#F5F23B","cu":"#C0392B","ca":"#fdae61"}},{"type":"Feature","geometry":{"type":"Polygon","coordinates":[[[1.74031,42.57656],[1.74013,42.58556],[1.72795,42.58543],[1.72813,42.57642],[1.74031,42.57656]]]},"properties":{"id":"r16c26","np":4,"nombre":"Alto","dm":0.4983,"fwi":4.59,"ndmi":0.0407,"dry":2.0,"inc":0.5467,"ni":"Alta","acc":"Alerta + más datos","cp":"#F5F23B","cu":"#C0392B","ca":"#fdae61"}},{"type":"Feature","geometry":{"type":"Polygon","coordinates":[[[1.7525,42.57669],[1.75232,42.58569],[1.74013,42.58556],[1.74031,42.57656],[1.7525,42.57669]]]},"properties":{"id":"r16c27","np":4,"nombre":"Alto","dm":0.4986,"fwi":4.59,"ndmi":0.04,"dry":2.0,"inc":0.5467,"ni":"Alta","acc":"Alerta + más datos","cp":"#F5F23B","cu":"#C0392B","ca":"#fdae61"}},{"type":"Feature","geometry":{"type":"Polygon","coordinates":[[[1.76468,42.57682],[1.7645,42.58583],[1.75232,42.58569],[1.7525,42.57669],[1.76468,42.57682]]]},"properties":{"id":"r16c28","np":4,"nombre":"Alto","dm":0.5086,"fwi":6.97,"ndmi":0.0773,"dry":2.68,"inc":0.4961,"ni":"Media","acc":"Alerta preventiva","cp":"#F5F23B","cu":"#EA9020","ca":"#fee08b"}},{"type":"Feature","geometry":{"type":"Polygon","coordinates":[[[1.77686,42.57695],[1.77669,42.58596],[1.7645,42.58583],[1.76468,42.57682],[1.77686,42.57695]]]},"properties":{"id":"r16c29","np":4,"nombre":"Alto","dm":0.4674,"fwi":6.89,"ndmi":0.1556,"dry":2.71,"inc":0.4925,"ni":"Media","acc":"Alerta preventiva","cp":"#F5F23B","cu":"#EA9020","ca":"#fee08b"}},{"type":"Feature","geometry":{"type":"Polygon","coordinates":[[[1.78904,42.57708],[1.78887,42.58609],[1.77669,42.58596],[1.77686,42.57695],[1.78904,42.57708]]]},"properties":{"id":"r16c30","np":4,"nombre":"Alto","dm":0.4608,"fwi":6.97,"ndmi":0.1823,"dry":2.68,"inc":0.4967,"ni":"Media","acc":"Alerta preventiva","cp":"#F5F23B","cu":"#EA9020","ca":"#fee08b"}},{"type":"Feature","geometry":{"type":"Polygon","coordinates":[[[1.43556,42.58181],[1.43533,42.59081],[1.42315,42.59064],[1.42338,42.58164],[1.43556,42.58181]]]},"properties":{"id":"r17c1","np":4,"nombre":"Alto","dm":0.5048,"fwi":5.15,"ndmi":-0.0118,"dry":3.2,"inc":0.4784,"ni":"Media","acc":"Alerta preventiva","cp":"#F5F23B","cu":"#EA9020","ca":"#fee08b"}},{"type":"Feature","geometry":{"type":"Polygon","coordinates":[[[1.44774,42.58197],[1.44752,42.59098],[1.43533,42.59081],[1.43556,42.58181],[1.44774,42.58197]]]},"properties":{"id":"r17c2","np":4,"nombre":"Alto","dm":0.4925,"fwi":5.15,"ndmi":0.0152,"dry":3.2,"inc":0.4787,"ni":"Media","acc":"Alerta preventiva","cp":"#F5F23B","cu":"#EA9020","ca":"#fee08b"}},{"type":"Feature","geometry":{"type":"Polygon","coordinates":[[[1.45992,42.58214],[1.4597,42.59114],[1.44752,42.59098],[1.44774,42.58197],[1.45992,42.58214]]]},"properties":{"id":"r17c3","np":4,"nombre":"Alto","dm":0.4649,"fwi":5.27,"ndmi":0.0871,"dry":3.2,"inc":0.4761,"ni":"Media","acc":"Alerta preventiva","cp":"#F5F23B","cu":"#EA9020","ca":"#fee08b"}},{"type":"Feature","geometry":{"type":"Polygon","coordinates":[[[1.4721,42.5823],[1.47188,42.5913],[1.4597,42.59114],[1.45992,42.58214],[1.4721,42.5823]]]},"properties":{"id":"r17c4","np":3,"nombre":"Moderado","dm":0.4154,"fwi":5.52,"ndmi":0.2041,"dry":3.37,"inc":0.4763,"ni":"Media","acc":"Monitorización rutinaria","cp":"#6FCE44","cu":"#EA9020","ca":"#a6d96a"}},{"type":"Feature","geometry":{"type":"Polygon","coordinates":[[[1.48429,42.58246],[1.48407,42.59146],[1.47188,42.5913],[1.4721,42.5823],[1.48429,42.58246]]]},"properties":{"id":"r17c5","np":3,"nombre":"Moderado","dm":0.4116,"fwi":5.52,"ndmi":0.2124,"dry":3.37,"inc":0.476,"ni":"Media","acc":"Monitorización rutinaria","cp":"#6FCE44","cu":"#EA9020","ca":"#a6d96a"}},{"type":"Feature","geometry":{"type":"Polygon","coordinates":[[[1.49647,42.58262],[1.49625,42.59163],[1.48407,42.59146],[1.48429,42.58246],[1.49647,42.58262]]]},"properties":{"id":"r17c6","np":3,"nombre":"Moderado","dm":0.4247,"fwi":5.27,"ndmi":0.1753,"dry":3.2,"inc":0.4767,"ni":"Media","acc":"Monitorización rutinaria","cp":"#6FCE44","cu":"#EA9020","ca":"#a6d96a"}},{"type":"Feature","geometry":{"type":"Polygon","coordinates":[[[1.50865,42.58278],[1.50844,42.59178],[1.49625,42.59163],[1.49647,42.58262],[1.50865,42.58278]]]},"properties":{"id":"r17c7","np":3,"nombre":"Moderado","dm":0.4152,"fwi":5.27,"ndmi":0.1962,"dry":3.2,"inc":0.4766,"ni":"Media","acc":"Monitorización rutinaria","cp":"#6FCE44","cu":"#EA9020","ca":"#a6d96a"}},{"type":"Feature","geometry":{"type":"Polygon","coordinates":[[[1.52083,42.58294],[1.52062,42.59194],[1.50844,42.59178],[1.50865,42.58278],[1.52083,42.58294]]]},"properties":{"id":"r17c8","np":3,"nombre":"Moderado","dm":0.3972,"fwi":5.27,"ndmi":0.2357,"dry":3.2,"inc":0.4763,"ni":"Media","acc":"Monitorización rutinaria","cp":"#6FCE44","cu":"#EA9020","ca":"#a6d96a"}},{"type":"Feature","geometry":{"type":"Polygon","coordinates":[[[1.53301,42.5831],[1.5328,42.5921],[1.52062,42.59194],[1.52083,42.58294],[1.53301,42.5831]]]},"properties":{"id":"r17c9","np":2,"nombre":"Bajo","dm":0.3692,"fwi":5.27,"ndmi":0.2971,"dry":3.2,"inc":0.4762,"ni":"Media","acc":"Sin acción especial","cp":"#6EC8F0","cu":"#EA9020","ca":"#1a9850"}},{"type":"Feature","geometry":{"type":"Polygon","coordinates":[[[1.5452,42.58325],[1.54499,42.59225],[1.5328,42.5921],[1.53301,42.5831],[1.5452,42.58325]]]},"properties":{"id":"r17c10","np":2,"nombre":"Bajo","dm":0.3472,"fwi":5.27,"ndmi":0.3493,"dry":3.2,"inc":0.4765,"ni":"Media","acc":"Sin acción especial","cp":"#6EC8F0","cu":"#EA9020","ca":"#1a9850"}},{"type":"Feature","geometry":{"type":"Polygon","coordinates":[[[1.55738,42.58341],[1.55717,42.59241],[1.54499,42.59225],[1.5452,42.58325],[1.55738,42.58341]]]},"properties":{"id":"r17c11","np":2,"nombre":"Bajo","dm":0.3746,"fwi":3.95,"ndmi":0.239,"dry":2.6,"inc":0.4488,"ni":"Media","acc":"Sin acción especial","cp":"#6EC8F0","cu":"#EA9020","ca":"#1a9850"}},{"type":"Feature","geometry":{"type":"Polygon","coordinates":[[[1.56956,42.58356],[1.56936,42.59256],[1.55717,42.59241],[1.55738,42.58341],[1.56956,42.58356]]]},"properties":{"id":"r17c12","np":4,"nombre":"Alto","dm":0.4734,"fwi":3.95,"ndmi":0.0222,"dry":2.6,"inc":0.4486,"ni":"Baja","acc":"Alerta preventiva","cp":"#F5F23B","cu":"#FAD899","ca":"#fee08b"}},{"type":"Feature","geometry":{"type":"Polygon","coordinates":[[[1.58175,42.58371],[1.58154,42.59271],[1.56936,42.59256],[1.56956,42.58356],[1.58175,42.58371]]]},"properties":{"id":"r17c13","np":4,"nombre":"Alto","dm":0.4813,"fwi":4.16,"ndmi":0.0161,"dry":2.74,"inc":0.4458,"ni":"Baja","acc":"Alerta preventiva","cp":"#F5F23B","cu":"#FAD899","ca":"#fee08b"}},{"type":"Feature","geometry":{"type":"Polygon","coordinates":[[[1.59393,42.58386],[1.59373,42.59286],[1.58154,42.59271],[1.58175,42.58371],[1.59393,42.58386]]]},"properties":{"id":"r17c14","np":3,"nombre":"Moderado","dm":0.423,"fwi":3.95,"ndmi":0.1329,"dry":2.6,"inc":0.4483,"ni":"Baja","acc":"Monitorización rutinaria","cp":"#6FCE44","cu":"#FAD899","ca":"#a6d96a"}},{"type":"Feature","geometry":{"type":"Polygon","coordinates":[[[1.60611,42.58401],[1.60591,42.59301],[1.59373,42.59286],[1.59393,42.58386],[1.60611,42.58401]]]},"properties":{"id":"r17c15","np":3,"nombre":"Moderado","dm":0.4181,"fwi":3.95,"ndmi":0.1436,"dry":2.6,"inc":0.4482,"ni":"Baja","acc":"Monitorización rutinaria","cp":"#6FCE44","cu":"#FAD899","ca":"#a6d96a"}},{"type":"Feature","geometry":{"type":"Polygon","coordinates":[[[1.6183,42.58416],[1.6181,42.59316],[1.60591,42.59301],[1.60611,42.58401],[1.6183,42.58416]]]},"properties":{"id":"r17c16","np":2,"nombre":"Bajo","dm":0.3564,"fwi":3.95,"ndmi":0.2792,"dry":2.6,"inc":0.449,"ni":"Media","acc":"Sin acción especial","cp":"#6EC8F0","cu":"#EA9020","ca":"#1a9850"}},{"type":"Feature","geometry":{"type":"Polygon","coordinates":[[[1.63048,42.5843],[1.63028,42.59331],[1.6181,42.59316],[1.6183,42.58416],[1.63048,42.5843]]]},"properties":{"id":"r17c17","np":3,"nombre":"Moderado","dm":0.3994,"fwi":3.95,"ndmi":0.1847,"dry":2.6,"inc":0.4485,"ni":"Baja","acc":"Monitorización rutinaria","cp":"#6FCE44","cu":"#FAD899","ca":"#a6d96a"}},{"type":"Feature","geometry":{"type":"Polygon","coordinates":[[[1.64266,42.58445],[1.64247,42.59345],[1.63028,42.59331],[1.63048,42.5843],[1.64266,42.58445]]]},"properties":{"id":"r17c18","np":2,"nombre":"Bajo","dm":0.3452,"fwi":3.95,"ndmi":0.3036,"dry":2.6,"inc":0.4484,"ni":"Baja","acc":"Sin acción especial","cp":"#6EC8F0","cu":"#FAD899","ca":"#1a9850"}},{"type":"Feature","geometry":{"type":"Polygon","coordinates":[[[1.65485,42.58459],[1.65465,42.5936],[1.64247,42.59345],[1.64266,42.58445],[1.65485,42.58459]]]},"properties":{"id":"r17c19","np":2,"nombre":"Bajo","dm":0.3591,"fwi":3.95,"ndmi":0.2732,"dry":2.6,"inc":0.4491,"ni":"Media","acc":"Sin acción especial","cp":"#6EC8F0","cu":"#EA9020","ca":"#1a9850"}},{"type":"Feature","geometry":{"type":"Polygon","coordinates":[[[1.66703,42.58473],[1.66684,42.59374],[1.65465,42.5936],[1.65485,42.58459],[1.66703,42.58473]]]},"properties":{"id":"r17c20","np":3,"nombre":"Moderado","dm":0.405,"fwi":4.59,"ndmi":0.2456,"dry":2.0,"inc":0.5453,"ni":"Alta","acc":"Monitorización rutinaria","cp":"#6FCE44","cu":"#C0392B","ca":"#a6d96a"}},{"type":"Feature","geometry":{"type":"Polygon","coordinates":[[[1.67921,42.58488],[1.67902,42.59388],[1.66684,42.59374],[1.66703,42.58473],[1.67921,42.58488]]]},"properties":{"id":"r17c21","np":2,"nombre":"Bajo","dm":0.352,"fwi":4.59,"ndmi":0.3727,"dry":2.0,"inc":0.5445,"ni":"Alta","acc":"Sin acción especial","cp":"#6EC8F0","cu":"#C0392B","ca":"#1a9850"}},{"type":"Feature","geometry":{"type":"Polygon","coordinates":[[[1.6914,42.58502],[1.69121,42.59402],[1.67902,42.59388],[1.67921,42.58488],[1.6914,42.58502]]]},"properties":{"id":"r17c22","np":3,"nombre":"Moderado","dm":0.3894,"fwi":4.59,"ndmi":0.2798,"dry":2.0,"inc":0.545,"ni":"Alta","acc":"Monitorización rutinaria","cp":"#6FCE44","cu":"#C0392B","ca":"#a6d96a"}},{"type":"Feature","geometry":{"type":"Polygon","coordinates":[[[1.70358,42.58515],[1.70339,42.59416],[1.69121,42.59402],[1.6914,42.58502],[1.70358,42.58515]]]},"properties":{"id":"r17c23","np":4,"nombre":"Alto","dm":0.4758,"fwi":4.59,"ndmi":0.09,"dry":2.0,"inc":0.5465,"ni":"Alta","acc":"Alerta + más datos","cp":"#F5F23B","cu":"#C0392B","ca":"#fdae61"}},{"type":"Feature","geometry":{"type":"Polygon","coordinates":[[[1.71576,42.58529],[1.71558,42.59429],[1.70339,42.59416],[1.70358,42.58515],[1.71576,42.58529]]]},"properties":{"id":"r17c24","np":4,"nombre":"Alto","dm":0.4705,"fwi":4.59,"ndmi":0.0995,"dry":2.0,"inc":0.5469,"ni":"Alta","acc":"Alerta + más datos","cp":"#F5F23B","cu":"#C0392B","ca":"#fdae61"}},{"type":"Feature","geometry":{"type":"Polygon","coordinates":[[[1.72795,42.58543],[1.72777,42.59443],[1.71558,42.59429],[1.71576,42.58529],[1.72795,42.58543]]]},"properties":{"id":"r17c25","np":4,"nombre":"Alto","dm":0.5124,"fwi":4.6,"ndmi":0.0075,"dry":2.11,"inc":0.567,"ni":"Alta","acc":"Alerta + más datos","cp":"#F5F23B","cu":"#C0392B","ca":"#fdae61"}},{"type":"Feature","geometry":{"type":"Polygon","coordinates":[[[1.74013,42.58556],[1.73995,42.59457],[1.72777,42.59443],[1.72795,42.58543],[1.74013,42.58556]]]},"properties":{"id":"r17c26","np":4,"nombre":"Alto","dm":0.5244,"fwi":4.59,"ndmi":-0.0167,"dry":2.0,"inc":0.5473,"ni":"Alta","acc":"Alerta + más datos","cp":"#F5F23B","cu":"#C0392B","ca":"#fdae61"}},{"type":"Feature","geometry":{"type":"Polygon","coordinates":[[[1.44752,42.59098],[1.44729,42.59998],[1.43511,42.59981],[1.43533,42.59081],[1.44752,42.59098]]]},"properties":{"id":"r18c2","np":4,"nombre":"Alto","dm":0.486,"fwi":5.15,"ndmi":0.0295,"dry":3.2,"inc":0.4786,"ni":"Media","acc":"Alerta preventiva","cp":"#F5F23B","cu":"#EA9020","ca":"#fee08b"}},{"type":"Feature","geometry":{"type":"Polygon","coordinates":[[[1.4597,42.59114],[1.45948,42.60014],[1.44729,42.59998],[1.44752,42.59098],[1.4597,42.59114]]]},"properties":{"id":"r18c3","np":4,"nombre":"Alto","dm":0.4822,"fwi":5.27,"ndmi":0.0491,"dry":3.2,"inc":0.4761,"ni":"Media","acc":"Alerta preventiva","cp":"#F5F23B","cu":"#EA9020","ca":"#fee08b"}},{"type":"Feature","geometry":{"type":"Polygon","coordinates":[[[1.47188,42.5913],[1.47166,42.60031],[1.45948,42.60014],[1.4597,42.59114],[1.47188,42.5913]]]},"properties":{"id":"r18c4","np":4,"nombre":"Alto","dm":0.4641,"fwi":5.27,"ndmi":0.0888,"dry":3.2,"inc":0.4761,"ni":"Media","acc":"Alerta preventiva","cp":"#F5F23B","cu":"#EA9020","ca":"#fee08b"}},{"type":"Feature","geometry":{"type":"Polygon","coordinates":[[[1.48407,42.59146],[1.48385,42.60047],[1.47166,42.60031],[1.47188,42.5913],[1.48407,42.59146]]]},"properties":{"id":"r18c5","np":4,"nombre":"Alto","dm":0.4978,"fwi":5.52,"ndmi":0.0232,"dry":3.37,"inc":0.4757,"ni":"Media","acc":"Alerta preventiva","cp":"#F5F23B","cu":"#EA9020","ca":"#fee08b"}},{"type":"Feature","geometry":{"type":"Polygon","coordinates":[[[1.49625,42.59163],[1.49603,42.60063],[1.48385,42.60047],[1.48407,42.59146],[1.49625,42.59163]]]},"properties":{"id":"r18c6","np":4,"nombre":"Alto","dm":0.4985,"fwi":5.27,"ndmi":0.0133,"dry":3.2,"inc":0.4757,"ni":"Media","acc":"Alerta preventiva","cp":"#F5F23B","cu":"#EA9020","ca":"#fee08b"}},{"type":"Feature","geometry":{"type":"Polygon","coordinates":[[[1.50844,42.59178],[1.50822,42.60079],[1.49603,42.60063],[1.49625,42.59163],[1.50844,42.59178]]]},"properties":{"id":"r18c7","np":4,"nombre":"Alto","dm":0.4555,"fwi":5.52,"ndmi":0.116,"dry":3.37,"inc":0.4751,"ni":"Media","acc":"Alerta preventiva","cp":"#F5F23B","cu":"#EA9020","ca":"#fee08b"}},{"type":"Feature","geometry":{"type":"Polygon","coordinates":[[[1.52062,42.59194],[1.52041,42.60095],[1.50822,42.60079],[1.50844,42.59178],[1.52062,42.59194]]]},"properties":{"id":"r18c8","np":2,"nombre":"Bajo","dm":0.3681,"fwi":5.27,"ndmi":0.2996,"dry":3.2,"inc":0.4758,"ni":"Media","acc":"Sin acción especial","cp":"#6EC8F0","cu":"#EA9020","ca":"#1a9850"}},{"type":"Feature","geometry":{"type":"Polygon","coordinates":[[[1.5328,42.5921],[1.53259,42.6011],[1.52041,42.60095],[1.52062,42.59194],[1.5328,42.5921]]]},"properties":{"id":"r18c9","np":3,"nombre":"Moderado","dm":0.3824,"fwi":5.52,"ndmi":0.2764,"dry":3.37,"inc":0.4757,"ni":"Media","acc":"Monitorización rutinaria","cp":"#6FCE44","cu":"#EA9020","ca":"#a6d96a"}},{"type":"Feature","geometry":{"type":"Polygon","coordinates":[[[1.54499,42.59225],[1.54478,42.60126],[1.53259,42.6011],[1.5328,42.5921],[1.54499,42.59225]]]},"properties":{"id":"r18c10","np":2,"nombre":"Bajo","dm":0.3697,"fwi":5.27,"ndmi":0.2978,"dry":3.2,"inc":0.4765,"ni":"Media","acc":"Sin acción especial","cp":"#6EC8F0","cu":"#EA9020","ca":"#1a9850"}},{"type":"Feature","geometry":{"type":"Polygon","coordinates":[[[1.55717,42.59241],[1.55697,42.60141],[1.54478,42.60126],[1.54499,42.59225],[1.55717,42.59241]]]},"properties":{"id":"r18c11","np":2,"nombre":"Bajo","dm":0.3577,"fwi":3.95,"ndmi":0.2761,"dry":2.6,"inc":0.4488,"ni":"Baja","acc":"Sin acción especial","cp":"#6EC8F0","cu":"#FAD899","ca":"#1a9850"}},{"type":"Feature","geometry":{"type":"Polygon","coordinates":[[[1.56936,42.59256],[1.56915,42.60156],[1.55697,42.60141],[1.55717,42.59241],[1.56936,42.59256]]]},"properties":{"id":"r18c12","np":3,"nombre":"Moderado","dm":0.3994,"fwi":3.95,"ndmi":0.1847,"dry":2.6,"inc":0.4479,"ni":"Baja","acc":"Monitorización rutinaria","cp":"#6FCE44","cu":"#FAD899","ca":"#a6d96a"}},{"type":"Feature","geometry":{"type":"Polygon","coordinates":[[[1.58154,42.59271],[1.58134,42.60172],[1.56915,42.60156],[1.56936,42.59256],[1.58154,42.59271]]]},"properties":{"id":"r18c13","np":4,"nombre":"Alto","dm":0.465,"fwi":3.95,"ndmi":0.0407,"dry":2.6,"inc":0.4491,"ni":"Media","acc":"Alerta preventiva","cp":"#F5F23B","cu":"#EA9020","ca":"#fee08b"}},{"type":"Feature","geometry":{"type":"Polygon","coordinates":[[[1.59373,42.59286],[1.59352,42.60187],[1.58134,42.60172],[1.58154,42.59271],[1.59373,42.59286]]]},"properties":{"id":"r18c14","np":4,"nombre":"Alto","dm":0.4661,"fwi":3.64,"ndmi":0.0198,"dry":2.32,"inc":0.4568,"ni":"Media","acc":"Alerta preventiva","cp":"#F5F23B","cu":"#EA9020","ca":"#fee08b"}},{"type":"Feature","geometry":{"type":"Polygon","coordinates":[[[1.60591,42.59301],[1.60571,42.60202],[1.59352,42.60187],[1.59373,42.59286],[1.60591,42.59301]]]},"properties":{"id":"r18c15","np":4,"nombre":"Alto","dm":0.4572,"fwi":3.84,"ndmi":0.0502,"dry":2.44,"inc":0.4547,"ni":"Media","acc":"Alerta preventiva","cp":"#F5F23B","cu":"#EA9020","ca":"#fee08b"}},{"type":"Feature","geometry":{"type":"Polygon","coordinates":[[[1.6181,42.59316],[1.6179,42.60216],[1.60571,42.60202],[1.60591,42.59301],[1.6181,42.59316]]]},"properties":{"id":"r18c16","np":3,"nombre":"Moderado","dm":0.3988,"fwi":3.64,"ndmi":0.1675,"dry":2.32,"inc":0.4565,"ni":"Media","acc":"Monitorización rutinaria","cp":"#6FCE44","cu":"#EA9020","ca":"#a6d96a"}},{"type":"Feature","geometry":{"type":"Polygon","coordinates":[[[1.63028,42.59331],[1.63008,42.60231],[1.6179,42.60216],[1.6181,42.59316],[1.63028,42.59331]]]},"properties":{"id":"r18c17","np":3,"nombre":"Moderado","dm":0.4281,"fwi":3.64,"ndmi":0.1032,"dry":2.32,"inc":0.4565,"ni":"Media","acc":"Monitorización rutinaria","cp":"#6FCE44","cu":"#EA9020","ca":"#a6d96a"}},{"type":"Feature","geometry":{"type":"Polygon","coordinates":[[[1.64247,42.59345],[1.64227,42.60245],[1.63008,42.60231],[1.63028,42.59331],[1.64247,42.59345]]]},"properties":{"id":"r18c18","np":2,"nombre":"Bajo","dm":0.3522,"fwi":3.64,"ndmi":0.2699,"dry":2.32,"inc":0.4564,"ni":"Media","acc":"Sin acción especial","cp":"#6EC8F0","cu":"#EA9020","ca":"#1a9850"}},{"type":"Feature","geometry":{"type":"Polygon","coordinates":[[[1.65465,42.5936],[1.65446,42.6026],[1.64227,42.60245],[1.64247,42.59345],[1.65465,42.5936]]]},"properties":{"id":"r18c19","np":3,"nombre":"Moderado","dm":0.3852,"fwi":3.64,"ndmi":0.1975,"dry":2.32,"inc":0.4568,"ni":"Media","acc":"Monitorización rutinaria","cp":"#6FCE44","cu":"#EA9020","ca":"#a6d96a"}},{"type":"Feature","geometry":{"type":"Polygon","coordinates":[[[1.66684,42.59374],[1.66665,42.60274],[1.65446,42.6026],[1.65465,42.5936],[1.66684,42.59374]]]},"properties":{"id":"r18c20","np":4,"nombre":"Alto","dm":0.4496,"fwi":4.59,"ndmi":0.1477,"dry":2.0,"inc":0.5464,"ni":"Alta","acc":"Alerta + más datos","cp":"#F5F23B","cu":"#C0392B","ca":"#fdae61"}},{"type":"Feature","geometry":{"type":"Polygon","coordinates":[[[1.67902,42.59388],[1.67883,42.60288],[1.66665,42.60274],[1.66684,42.59374],[1.67902,42.59388]]]},"properties":{"id":"r18c21","np":3,"nombre":"Moderado","dm":0.3962,"fwi":4.59,"ndmi":0.2649,"dry":2.0,"inc":0.5444,"ni":"Alta","acc":"Monitorización rutinaria","cp":"#6FCE44","cu":"#C0392B","ca":"#a6d96a"}},{"type":"Feature","geometry":{"type":"Polygon","coordinates":[[[1.69121,42.59402],[1.69102,42.60302],[1.67883,42.60288],[1.67902,42.59388],[1.69121,42.59402]]]},"properties":{"id":"r18c22","np":3,"nombre":"Moderado","dm":0.3885,"fwi":4.59,"ndmi":0.2817,"dry":2.0,"inc":0.5447,"ni":"Alta","acc":"Monitorización rutinaria","cp":"#6FCE44","cu":"#C0392B","ca":"#a6d96a"}},{"type":"Feature","geometry":{"type":"Polygon","coordinates":[[[1.70339,42.59416],[1.70321,42.60316],[1.69102,42.60302],[1.69121,42.59402],[1.70339,42.59416]]]},"properties":{"id":"r18c23","np":3,"nombre":"Moderado","dm":0.3974,"fwi":4.59,"ndmi":0.2623,"dry":2.0,"inc":0.5447,"ni":"Alta","acc":"Monitorización rutinaria","cp":"#6FCE44","cu":"#C0392B","ca":"#a6d96a"}},{"type":"Feature","geometry":{"type":"Polygon","coordinates":[[[1.71558,42.59429],[1.71539,42.6033],[1.70321,42.60316],[1.70339,42.59416],[1.71558,42.59429]]]},"properties":{"id":"r18c24","np":4,"nombre":"Alto","dm":0.4835,"fwi":4.6,"ndmi":0.0712,"dry":2.11,"inc":0.5672,"ni":"Alta","acc":"Alerta + más datos","cp":"#F5F23B","cu":"#C0392B","ca":"#fdae61"}},{"type":"Feature","geometry":{"type":"Polygon","coordinates":[[[1.72777,42.59443],[1.72758,42.60343],[1.71539,42.6033],[1.71558,42.59429],[1.72777,42.59443]]]},"properties":{"id":"r18c25","np":4,"nombre":"Alto","dm":0.5214,"fwi":4.6,"ndmi":-0.0121,"dry":2.11,"inc":0.5676,"ni":"Alta","acc":"Alerta + más datos","cp":"#F5F23B","cu":"#C0392B","ca":"#fdae61"}},{"type":"Feature","geometry":{"type":"Polygon","coordinates":[[[1.44729,42.59998],[1.44707,42.60898],[1.43488,42.60881],[1.43511,42.59981],[1.44729,42.59998]]]},"properties":{"id":"r19c2","np":4,"nombre":"Alto","dm":0.4761,"fwi":5.15,"ndmi":0.0509,"dry":3.2,"inc":0.4786,"ni":"Media","acc":"Alerta preventiva","cp":"#F5F23B","cu":"#EA9020","ca":"#fee08b"}},{"type":"Feature","geometry":{"type":"Polygon","coordinates":[[[1.45948,42.60014],[1.45926,42.60914],[1.44707,42.60898],[1.44729,42.59998],[1.45948,42.60014]]]},"properties":{"id":"r19c3","np":4,"nombre":"Alto","dm":0.4702,"fwi":5.27,"ndmi":0.0754,"dry":3.2,"inc":0.4768,"ni":"Media","acc":"Alerta preventiva","cp":"#F5F23B","cu":"#EA9020","ca":"#fee08b"}},{"type":"Feature","geometry":{"type":"Polygon","coordinates":[[[1.47166,42.60031],[1.47144,42.60931],[1.45926,42.60914],[1.45948,42.60014],[1.47166,42.60031]]]},"properties":{"id":"r19c4","np":4,"nombre":"Alto","dm":0.488,"fwi":5.27,"ndmi":0.0363,"dry":3.2,"inc":0.4759,"ni":"Media","acc":"Alerta preventiva","cp":"#F5F23B","cu":"#EA9020","ca":"#fee08b"}},{"type":"Feature","geometry":{"type":"Polygon","coordinates":[[[1.48385,42.60047],[1.48363,42.60947],[1.47144,42.60931],[1.47166,42.60031],[1.48385,42.60047]]]},"properties":{"id":"r19c5","np":4,"nombre":"Alto","dm":0.5016,"fwi":5.27,"ndmi":0.0054,"dry":3.2,"inc":0.476,"ni":"Media","acc":"Alerta preventiva","cp":"#F5F23B","cu":"#EA9020","ca":"#fee08b"}},{"type":"Feature","geometry":{"type":"Polygon","coordinates":[[[1.49603,42.60063],[1.49582,42.60963],[1.48363,42.60947],[1.48385,42.60047],[1.49603,42.60063]]]},"properties":{"id":"r19c6","np":4,"nombre":"Alto","dm":0.4917,"fwi":5.27,"ndmi":0.0283,"dry":3.2,"inc":0.4744,"ni":"Media","acc":"Alerta preventiva","cp":"#F5F23B","cu":"#EA9020","ca":"#fee08b"}},{"type":"Feature","geometry":{"type":"Polygon","coordinates":[[[1.50822,42.60079],[1.50801,42.60979],[1.49582,42.60963],[1.49603,42.60063],[1.50822,42.60079]]]},"properties":{"id":"r19c7","np":3,"nombre":"Moderado","dm":0.42,"fwi":5.27,"ndmi":0.1857,"dry":3.2,"inc":0.4763,"ni":"Media","acc":"Monitorización rutinaria","cp":"#6FCE44","cu":"#EA9020","ca":"#a6d96a"}},{"type":"Feature","geometry":{"type":"Polygon","coordinates":[[[1.52041,42.60095],[1.52019,42.60995],[1.50801,42.60979],[1.50822,42.60079],[1.52041,42.60095]]]},"properties":{"id":"r19c8","np":3,"nombre":"Moderado","dm":0.3827,"fwi":5.27,"ndmi":0.2675,"dry":3.2,"inc":0.4765,"ni":"Media","acc":"Monitorización rutinaria","cp":"#6FCE44","cu":"#EA9020","ca":"#a6d96a"}},{"type":"Feature","geometry":{"type":"Polygon","coordinates":[[[1.53259,42.6011],[1.53238,42.6101],[1.52019,42.60995],[1.52041,42.60095],[1.53259,42.6011]]]},"properties":{"id":"r19c9","np":2,"nombre":"Bajo","dm":0.3807,"fwi":4.89,"ndmi":0.2498,"dry":2.95,"inc":0.4828,"ni":"Media","acc":"Sin acción especial","cp":"#6EC8F0","cu":"#EA9020","ca":"#1a9850"}},{"type":"Feature","geometry":{"type":"Polygon","coordinates":[[[1.54478,42.60126],[1.54457,42.61026],[1.53238,42.6101],[1.53259,42.6011],[1.54478,42.60126]]]},"properties":{"id":"r19c10","np":2,"nombre":"Bajo","dm":0.3546,"fwi":4.89,"ndmi":0.3071,"dry":2.95,"inc":0.4827,"ni":"Media","acc":"Sin acción especial","cp":"#6EC8F0","cu":"#EA9020","ca":"#1a9850"}},{"type":"Feature","geometry":{"type":"Polygon","coordinates":[[[1.55697,42.60141],[1.55676,42.61041],[1.54457,42.61026],[1.54478,42.60126],[1.55697,42.60141]]]},"properties":{"id":"r19c11","np":2,"nombre":"Bajo","dm":0.3473,"fwi":3.64,"ndmi":0.2807,"dry":2.32,"inc":0.4568,"ni":"Media","acc":"Sin acción especial","cp":"#6EC8F0","cu":"#EA9020","ca":"#1a9850"}},{"type":"Feature","geometry":{"type":"Polygon","coordinates":[[[1.56915,42.60156],[1.56895,42.61057],[1.55676,42.61041],[1.55697,42.60141],[1.56915,42.60156]]]},"properties":{"id":"r19c12","np":3,"nombre":"Moderado","dm":0.4451,"fwi":3.64,"ndmi":0.0658,"dry":2.32,"inc":0.4565,"ni":"Media","acc":"Monitorización rutinaria","cp":"#6FCE44","cu":"#EA9020","ca":"#a6d96a"}},{"type":"Feature","geometry":{"type":"Polygon","coordinates":[[[1.58134,42.60172],[1.58113,42.61072],[1.56895,42.61057],[1.56915,42.60156],[1.58134,42.60172]]]},"properties":{"id":"r19c13","np":4,"nombre":"Alto","dm":0.4529,"fwi":3.64,"ndmi":0.0487,"dry":2.32,"inc":0.4569,"ni":"Media","acc":"Alerta preventiva","cp":"#F5F23B","cu":"#EA9020","ca":"#fee08b"}},{"type":"Feature","geometry":{"type":"Polygon","coordinates":[[[1.59352,42.60187],[1.59332,42.61087],[1.58113,42.61072],[1.58134,42.60172],[1.59352,42.60187]]]},"properties":{"id":"r19c14","np":4,"nombre":"Alto","dm":0.4601,"fwi":3.65,"ndmi":0.016,"dry":2.24,"inc":0.4531,"ni":"Media","acc":"Alerta preventiva","cp":"#F5F23B","cu":"#EA9020","ca":"#fee08b"}},{"type":"Feature","geometry":{"type":"Polygon","coordinates":[[[1.60571,42.60202],[1.60551,42.61102],[1.59332,42.61087],[1.59352,42.60187],[1.60571,42.60202]]]},"properties":{"id":"r19c15","np":4,"nombre":"Alto","dm":0.4754,"fwi":3.49,"ndmi":-0.0113,"dry":2.11,"inc":0.4563,"ni":"Media","acc":"Alerta preventiva","cp":"#F5F23B","cu":"#EA9020","ca":"#fee08b"}},{"type":"Feature","geometry":{"type":"Polygon","coordinates":[[[1.6179,42.60216],[1.6177,42.61117],[1.60551,42.61102],[1.60571,42.60202],[1.6179,42.60216]]]},"properties":{"id":"r19c16","np":4,"nombre":"Alto","dm":0.4695,"fwi":3.64,"ndmi":0.0124,"dry":2.32,"inc":0.4571,"ni":"Media","acc":"Alerta preventiva","cp":"#F5F23B","cu":"#EA9020","ca":"#fee08b"}},{"type":"Feature","geometry":{"type":"Polygon","coordinates":[[[1.63008,42.60231],[1.62989,42.61131],[1.6177,42.61117],[1.6179,42.60216],[1.63008,42.60231]]]},"properties":{"id":"r19c17","np":4,"nombre":"Alto","dm":0.4652,"fwi":3.64,"ndmi":0.0217,"dry":2.32,"inc":0.4569,"ni":"Media","acc":"Alerta preventiva","cp":"#F5F23B","cu":"#EA9020","ca":"#fee08b"}},{"type":"Feature","geometry":{"type":"Polygon","coordinates":[[[1.64227,42.60245],[1.64208,42.61146],[1.62989,42.61131],[1.63008,42.60231],[1.64227,42.60245]]]},"properties":{"id":"r19c18","np":2,"nombre":"Bajo","dm":0.3558,"fwi":3.64,"ndmi":0.2621,"dry":2.32,"inc":0.4565,"ni":"Media","acc":"Sin acción especial","cp":"#6EC8F0","cu":"#EA9020","ca":"#1a9850"}},{"type":"Feature","geometry":{"type":"Polygon","coordinates":[[[1.65446,42.6026],[1.65426,42.6116],[1.64208,42.61146],[1.64227,42.60245],[1.65446,42.6026]]]},"properties":{"id":"r19c19","np":2,"nombre":"Bajo","dm":0.3634,"fwi":3.64,"ndmi":0.2452,"dry":2.32,"inc":0.4565,"ni":"Media","acc":"Sin acción especial","cp":"#6EC8F0","cu":"#EA9020","ca":"#1a9850"}},{"type":"Feature","geometry":{"type":"Polygon","coordinates":[[[1.66665,42.60274],[1.66645,42.61174],[1.65426,42.6116],[1.65446,42.6026],[1.66665,42.60274]]]},"properties":{"id":"r19c20","np":4,"nombre":"Alto","dm":0.4913,"fwi":4.59,"ndmi":0.0561,"dry":2.0,"inc":0.5471,"ni":"Alta","acc":"Alerta + más datos","cp":"#F5F23B","cu":"#C0392B","ca":"#fdae61"}},{"type":"Feature","geometry":{"type":"Polygon","coordinates":[[[1.67883,42.60288],[1.67864,42.61189],[1.66645,42.61174],[1.66665,42.60274],[1.67883,42.60288]]]},"properties":{"id":"r19c21","np":4,"nombre":"Alto","dm":0.4777,"fwi":4.59,"ndmi":0.0859,"dry":2.0,"inc":0.5464,"ni":"Alta","acc":"Alerta + más datos","cp":"#F5F23B","cu":"#C0392B","ca":"#fdae61"}},{"type":"Feature","geometry":{"type":"Polygon","coordinates":[[[1.69102,42.60302],[1.69083,42.61203],[1.67864,42.61189],[1.67883,42.60288],[1.69102,42.60302]]]},"properties":{"id":"r19c22","np":4,"nombre":"Alto","dm":0.4692,"fwi":4.59,"ndmi":0.1046,"dry":2.0,"inc":0.5461,"ni":"Alta","acc":"Alerta + más datos","cp":"#F5F23B","cu":"#C0392B","ca":"#fdae61"}},{"type":"Feature","geometry":{"type":"Polygon","coordinates":[[[1.70321,42.60316],[1.70302,42.61216],[1.69083,42.61203],[1.69102,42.60302],[1.70321,42.60316]]]},"properties":{"id":"r19c23","np":4,"nombre":"Alto","dm":0.4679,"fwi":4.59,"ndmi":0.1075,"dry":2.0,"inc":0.547,"ni":"Alta","acc":"Alerta + más datos","cp":"#F5F23B","cu":"#C0392B","ca":"#fdae61"}},{"type":"Feature","geometry":{"type":"Polygon","coordinates":[[[1.71539,42.6033],[1.71521,42.6123],[1.70302,42.61216],[1.70321,42.60316],[1.71539,42.6033]]]},"properties":{"id":"r19c24","np":4,"nombre":"Alto","dm":0.522,"fwi":4.59,"ndmi":-0.0121,"dry":2.0,"inc":0.548,"ni":"Alta","acc":"Alerta + más datos","cp":"#F5F23B","cu":"#C0392B","ca":"#fdae61"}},{"type":"Feature","geometry":{"type":"Polygon","coordinates":[[[1.72758,42.60343],[1.7274,42.61244],[1.71521,42.6123],[1.71539,42.6033],[1.72758,42.60343]]]},"properties":{"id":"r19c25","np":5,"nombre":"Muy alto","dm":0.532,"fwi":4.59,"ndmi":-0.0882,"dry":2.0,"inc":0.5475,"ni":"Alta","acc":"Vigilancia + verificación campo","cp":"#DE8631","cu":"#C0392B","ca":"#d73027"}},{"type":"Feature","geometry":{"type":"Polygon","coordinates":[[[1.73977,42.60357],[1.73959,42.61257],[1.7274,42.61244],[1.72758,42.60343],[1.73977,42.60357]]]},"properties":{"id":"r19c26","np":5,"nombre":"Muy alto","dm":0.5314,"fwi":4.6,"ndmi":-0.0366,"dry":2.11,"inc":0.5685,"ni":"Alta","acc":"Vigilancia + verificación campo","cp":"#DE8631","cu":"#C0392B","ca":"#d73027"}},{"type":"Feature","geometry":{"type":"Polygon","coordinates":[[[1.48363,42.60947],[1.48341,42.61847],[1.47122,42.61831],[1.47144,42.60931],[1.48363,42.60947]]]},"properties":{"id":"r20c5","np":4,"nombre":"Alto","dm":0.4851,"fwi":4.89,"ndmi":0.0207,"dry":2.95,"inc":0.4823,"ni":"Media","acc":"Alerta preventiva","cp":"#F5F23B","cu":"#EA9020","ca":"#fee08b"}},{"type":"Feature","geometry":{"type":"Polygon","coordinates":[[[1.49582,42.60963],[1.4956,42.61863],[1.48341,42.61847],[1.48363,42.60947],[1.49582,42.60963]]]},"properties":{"id":"r20c6","np":4,"nombre":"Alto","dm":0.4811,"fwi":4.89,"ndmi":0.0292,"dry":2.95,"inc":0.4825,"ni":"Media","acc":"Alerta preventiva","cp":"#F5F23B","cu":"#EA9020","ca":"#fee08b"}},{"type":"Feature","geometry":{"type":"Polygon","coordinates":[[[1.50801,42.60979],[1.50779,42.61879],[1.4956,42.61863],[1.49582,42.60963],[1.50801,42.60979]]]},"properties":{"id":"r20c7","np":4,"nombre":"Alto","dm":0.4755,"fwi":4.89,"ndmi":0.0417,"dry":2.95,"inc":0.4823,"ni":"Media","acc":"Alerta preventiva","cp":"#F5F23B","cu":"#EA9020","ca":"#fee08b"}},{"type":"Feature","geometry":{"type":"Polygon","coordinates":[[[1.52019,42.60995],[1.51998,42.61895],[1.50779,42.61879],[1.50801,42.60979],[1.52019,42.60995]]]},"properties":{"id":"r20c8","np":3,"nombre":"Moderado","dm":0.4414,"fwi":4.89,"ndmi":0.1165,"dry":2.95,"inc":0.4832,"ni":"Media","acc":"Monitorización rutinaria","cp":"#6FCE44","cu":"#EA9020","ca":"#a6d96a"}},{"type":"Feature","geometry":{"type":"Polygon","coordinates":[[[1.53238,42.6101],[1.53217,42.61911],[1.51998,42.61895],[1.52019,42.60995],[1.53238,42.6101]]]},"properties":{"id":"r20c9","np":3,"nombre":"Moderado","dm":0.3836,"fwi":4.89,"ndmi":0.2433,"dry":2.95,"inc":0.4835,"ni":"Media","acc":"Monitorización rutinaria","cp":"#6FCE44","cu":"#EA9020","ca":"#a6d96a"}},{"type":"Feature","geometry":{"type":"Polygon","coordinates":[[[1.54457,42.61026],[1.54436,42.61926],[1.53217,42.61911],[1.53238,42.6101],[1.54457,42.61026]]]},"properties":{"id":"r20c10","np":2,"nombre":"Bajo","dm":0.3632,"fwi":4.89,"ndmi":0.2881,"dry":2.95,"inc":0.4825,"ni":"Media","acc":"Sin acción especial","cp":"#6EC8F0","cu":"#EA9020","ca":"#1a9850"}},{"type":"Feature","geometry":{"type":"Polygon","coordinates":[[[1.55676,42.61041],[1.55655,42.61942],[1.54436,42.61926],[1.54457,42.61026],[1.55676,42.61041]]]},"properties":{"id":"r20c11","np":2,"nombre":"Bajo","dm":0.3388,"fwi":3.64,"ndmi":0.2993,"dry":2.32,"inc":0.4569,"ni":"Media","acc":"Sin acción especial","cp":"#6EC8F0","cu":"#EA9020","ca":"#1a9850"}},{"type":"Feature","geometry":{"type":"Polygon","coordinates":[[[1.56895,42.61057],[1.56874,42.61957],[1.55655,42.61942],[1.55676,42.61041],[1.56895,42.61057]]]},"properties":{"id":"r20c12","np":2,"nombre":"Bajo","dm":0.3809,"fwi":3.64,"ndmi":0.2068,"dry":2.32,"inc":0.4567,"ni":"Media","acc":"Sin acción especial","cp":"#6EC8F0","cu":"#EA9020","ca":"#1a9850"}},{"type":"Feature","geometry":{"type":"Polygon","coordinates":[[[1.58113,42.61072],[1.58093,42.61972],[1.56874,42.61957],[1.56895,42.61057],[1.58113,42.61072]]]},"properties":{"id":"r20c13","np":3,"nombre":"Moderado","dm":0.4129,"fwi":3.64,"ndmi":0.1367,"dry":2.32,"inc":0.4572,"ni":"Media","acc":"Monitorización rutinaria","cp":"#6FCE44","cu":"#EA9020","ca":"#a6d96a"}},{"type":"Feature","geometry":{"type":"Polygon","coordinates":[[[1.59332,42.61087],[1.59312,42.61987],[1.58093,42.61972],[1.58113,42.61072],[1.59332,42.61087]]]},"properties":{"id":"r20c14","np":3,"nombre":"Moderado","dm":0.4436,"fwi":3.49,"ndmi":0.0587,"dry":2.11,"inc":0.4557,"ni":"Media","acc":"Monitorización rutinaria","cp":"#6FCE44","cu":"#EA9020","ca":"#a6d96a"}},{"type":"Feature","geometry":{"type":"Polygon","coordinates":[[[1.60551,42.61102],[1.60531,42.62002],[1.59312,42.61987],[1.59332,42.61087],[1.60551,42.61102]]]},"properties":{"id":"r20c15","np":4,"nombre":"Alto","dm":0.4602,"fwi":3.49,"ndmi":0.0223,"dry":2.11,"inc":0.4564,"ni":"Media","acc":"Alerta preventiva","cp":"#F5F23B","cu":"#EA9020","ca":"#fee08b"}},{"type":"Feature","geometry":{"type":"Polygon","coordinates":[[[1.6177,42.61117],[1.6175,42.62017],[1.60531,42.62002],[1.60551,42.61102],[1.6177,42.61117]]]},"properties":{"id":"r20c16","np":4,"nombre":"Alto","dm":0.464,"fwi":3.49,"ndmi":0.0139,"dry":2.11,"inc":0.4566,"ni":"Media","acc":"Alerta preventiva","cp":"#F5F23B","cu":"#EA9020","ca":"#fee08b"}},{"type":"Feature","geometry":{"type":"Polygon","coordinates":[[[1.62989,42.61131],[1.62969,42.62032],[1.6175,42.62017],[1.6177,42.61117],[1.62989,42.61131]]]},"properties":{"id":"r20c17","np":3,"nombre":"Moderado","dm":0.4245,"fwi":3.49,"ndmi":0.1007,"dry":2.11,"inc":0.4557,"ni":"Media","acc":"Monitorización rutinaria","cp":"#6FCE44","cu":"#EA9020","ca":"#a6d96a"}},{"type":"Feature","geometry":{"type":"Polygon","coordinates":[[[1.64208,42.61146],[1.64188,42.62046],[1.62969,42.62032],[1.62989,42.61131],[1.64208,42.61146]]]},"properties":{"id":"r20c18","np":2,"nombre":"Bajo","dm":0.3806,"fwi":3.49,"ndmi":0.1971,"dry":2.11,"inc":0.4561,"ni":"Media","acc":"Sin acción especial","cp":"#6EC8F0","cu":"#EA9020","ca":"#1a9850"}},{"type":"Feature","geometry":{"type":"Polygon","coordinates":[[[1.65426,42.6116],[1.65407,42.6206],[1.64188,42.62046],[1.64208,42.61146],[1.65426,42.6116]]]},"properties":{"id":"r20c19","np":3,"nombre":"Moderado","dm":0.4359,"fwi":3.64,"ndmi":0.0861,"dry":2.32,"inc":0.4565,"ni":"Media","acc":"Monitorización rutinaria","cp":"#6FCE44","cu":"#EA9020","ca":"#a6d96a"}},{"type":"Feature","geometry":{"type":"Polygon","coordinates":[[[1.66645,42.61174],[1.66626,42.62075],[1.65407,42.6206],[1.65426,42.6116],[1.66645,42.61174]]]},"properties":{"id":"r20c20","np":4,"nombre":"Alto","dm":0.52,"fwi":4.59,"ndmi":-0.0071,"dry":2.0,"inc":0.5483,"ni":"Alta","acc":"Alerta + más datos","cp":"#F5F23B","cu":"#C0392B","ca":"#fdae61"}},{"type":"Feature","geometry":{"type":"Polygon","coordinates":[[[1.67864,42.61189],[1.67845,42.62089],[1.66626,42.62075],[1.66645,42.61174],[1.67864,42.61189]]]},"properties":{"id":"r20c21","np":4,"nombre":"Alto","dm":0.5115,"fwi":4.59,"ndmi":0.0113,"dry":2.0,"inc":0.5477,"ni":"Alta","acc":"Alerta + más datos","cp":"#F5F23B","cu":"#C0392B","ca":"#fdae61"}},{"type":"Feature","geometry":{"type":"Polygon","coordinates":[[[1.69083,42.61203],[1.69064,42.62103],[1.67845,42.62089],[1.67864,42.61189],[1.69083,42.61203]]]},"properties":{"id":"r20c22","np":4,"nombre":"Alto","dm":0.5108,"fwi":4.59,"ndmi":0.0131,"dry":2.0,"inc":0.547,"ni":"Alta","acc":"Alerta + más datos","cp":"#F5F23B","cu":"#C0392B","ca":"#fdae61"}},{"type":"Feature","geometry":{"type":"Polygon","coordinates":[[[1.70302,42.61216],[1.70283,42.62117],[1.69064,42.62103],[1.69083,42.61203],[1.70302,42.61216]]]},"properties":{"id":"r20c23","np":4,"nombre":"Alto","dm":0.4934,"fwi":4.59,"ndmi":0.0514,"dry":2.0,"inc":0.5471,"ni":"Alta","acc":"Alerta + más datos","cp":"#F5F23B","cu":"#C0392B","ca":"#fdae61"}},{"type":"Feature","geometry":{"type":"Polygon","coordinates":[[[1.71521,42.6123],[1.71502,42.6213],[1.70283,42.62117],[1.70302,42.61216],[1.71521,42.6123]]]},"properties":{"id":"r20c24","np":4,"nombre":"Alto","dm":0.5164,"fwi":4.81,"ndmi":0.0059,"dry":2.11,"inc":0.5457,"ni":"Alta","acc":"Alerta + más datos","cp":"#F5F23B","cu":"#C0392B","ca":"#fdae61"}},{"type":"Feature","geometry":{"type":"Polygon","coordinates":[[[1.7274,42.61244],[1.72722,42.62144],[1.71502,42.6213],[1.71521,42.6123],[1.7274,42.61244]]]},"properties":{"id":"r20c25","np":5,"nombre":"Muy alto","dm":0.5383,"fwi":4.81,"ndmi":-0.0466,"dry":2.11,"inc":0.547,"ni":"Alta","acc":"Vigilancia + verificación campo","cp":"#DE8631","cu":"#C0392B","ca":"#d73027"}},{"type":"Feature","geometry":{"type":"Polygon","coordinates":[[[1.73959,42.61257],[1.73941,42.62158],[1.72722,42.62144],[1.7274,42.61244],[1.73959,42.61257]]]},"properties":{"id":"r20c26","np":5,"nombre":"Muy alto","dm":0.53,"fwi":4.59,"ndmi":-0.0335,"dry":2.0,"inc":0.5473,"ni":"Alta","acc":"Vigilancia + verificación campo","cp":"#DE8631","cu":"#C0392B","ca":"#d73027"}},{"type":"Feature","geometry":{"type":"Polygon","coordinates":[[[1.48341,42.61847],[1.48319,42.62747],[1.471,42.62731],[1.47122,42.61831],[1.48341,42.61847]]]},"properties":{"id":"r21c5","np":4,"nombre":"Alto","dm":0.4692,"fwi":4.89,"ndmi":0.0556,"dry":2.95,"inc":0.4814,"ni":"Media","acc":"Alerta preventiva","cp":"#F5F23B","cu":"#EA9020","ca":"#fee08b"}},{"type":"Feature","geometry":{"type":"Polygon","coordinates":[[[1.4956,42.61863],[1.49538,42.62764],[1.48319,42.62747],[1.48341,42.61847],[1.4956,42.61863]]]},"properties":{"id":"r21c6","np":4,"nombre":"Alto","dm":0.4494,"fwi":4.89,"ndmi":0.099,"dry":2.95,"inc":0.482,"ni":"Media","acc":"Alerta preventiva","cp":"#F5F23B","cu":"#EA9020","ca":"#fee08b"}},{"type":"Feature","geometry":{"type":"Polygon","coordinates":[[[1.50779,42.61879],[1.50758,42.6278],[1.49538,42.62764],[1.4956,42.61863],[1.50779,42.61879]]]},"properties":{"id":"r21c7","np":3,"nombre":"Moderado","dm":0.4216,"fwi":4.89,"ndmi":0.16,"dry":2.95,"inc":0.4833,"ni":"Media","acc":"Monitorización rutinaria","cp":"#6FCE44","cu":"#EA9020","ca":"#a6d96a"}},{"type":"Feature","geometry":{"type":"Polygon","coordinates":[[[1.51998,42.61895],[1.51977,42.62795],[1.50758,42.6278],[1.50779,42.61879],[1.51998,42.61895]]]},"properties":{"id":"r21c8","np":3,"nombre":"Moderado","dm":0.4098,"fwi":4.89,"ndmi":0.1859,"dry":2.95,"inc":0.4837,"ni":"Media","acc":"Monitorización rutinaria","cp":"#6FCE44","cu":"#EA9020","ca":"#a6d96a"}},{"type":"Feature","geometry":{"type":"Polygon","coordinates":[[[1.53217,42.61911],[1.53196,42.62811],[1.51977,42.62795],[1.51998,42.61895],[1.53217,42.61911]]]},"properties":{"id":"r21c9","np":2,"nombre":"Bajo","dm":0.3772,"fwi":4.89,"ndmi":0.2575,"dry":2.95,"inc":0.4826,"ni":"Media","acc":"Sin acción especial","cp":"#6EC8F0","cu":"#EA9020","ca":"#1a9850"}},{"type":"Feature","geometry":{"type":"Polygon","coordinates":[[[1.54436,42.61926],[1.54415,42.62827],[1.53196,42.62811],[1.53217,42.61911],[1.54436,42.61926]]]},"properties":{"id":"r21c10","np":2,"nombre":"Bajo","dm":0.3712,"fwi":4.89,"ndmi":0.2729,"dry":2.95,"inc":0.4826,"ni":"Media","acc":"Sin acción especial","cp":"#6EC8F0","cu":"#EA9020","ca":"#1a9850"}},{"type":"Feature","geometry":{"type":"Polygon","coordinates":[[[1.55655,42.61942],[1.55634,42.62842],[1.54415,42.62827],[1.54436,42.61926],[1.55655,42.61942]]]},"properties":{"id":"r21c11","np":2,"nombre":"Bajo","dm":0.3476,"fwi":3.64,"ndmi":0.2799,"dry":2.32,"inc":0.4567,"ni":"Media","acc":"Sin acción especial","cp":"#6EC8F0","cu":"#EA9020","ca":"#1a9850"}},{"type":"Feature","geometry":{"type":"Polygon","coordinates":[[[1.56874,42.61957],[1.56853,42.62857],[1.55634,42.62842],[1.55655,42.61942],[1.56874,42.61957]]]},"properties":{"id":"r21c12","np":2,"nombre":"Bajo","dm":0.3552,"fwi":3.64,"ndmi":0.2634,"dry":2.32,"inc":0.4567,"ni":"Media","acc":"Sin acción especial","cp":"#6EC8F0","cu":"#EA9020","ca":"#1a9850"}},{"type":"Feature","geometry":{"type":"Polygon","coordinates":[[[1.58093,42.61972],[1.58072,42.62872],[1.56853,42.62857],[1.56874,42.61957],[1.58093,42.61972]]]},"properties":{"id":"r21c13","np":3,"nombre":"Moderado","dm":0.3913,"fwi":3.64,"ndmi":0.184,"dry":2.32,"inc":0.4571,"ni":"Media","acc":"Monitorización rutinaria","cp":"#6FCE44","cu":"#EA9020","ca":"#a6d96a"}},{"type":"Feature","geometry":{"type":"Polygon","coordinates":[[[1.59312,42.61987],[1.59292,42.62888],[1.58072,42.62872],[1.58093,42.61972],[1.59312,42.61987]]]},"properties":{"id":"r21c14","np":3,"nombre":"Moderado","dm":0.4134,"fwi":3.64,"ndmi":0.1356,"dry":2.32,"inc":0.4564,"ni":"Media","acc":"Monitorización rutinaria","cp":"#6FCE44","cu":"#EA9020","ca":"#a6d96a"}},{"type":"Feature","geometry":{"type":"Polygon","coordinates":[[[1.60531,42.62002],[1.60511,42.62902],[1.59292,42.62888],[1.59312,42.61987],[1.60531,42.62002]]]},"properties":{"id":"r21c15","np":4,"nombre":"Alto","dm":0.4535,"fwi":3.49,"ndmi":0.037,"dry":2.11,"inc":0.4561,"ni":"Media","acc":"Alerta preventiva","cp":"#F5F23B","cu":"#EA9020","ca":"#fee08b"}},{"type":"Feature","geometry":{"type":"Polygon","coordinates":[[[1.6175,42.62017],[1.6173,42.62917],[1.60511,42.62902],[1.60531,42.62002],[1.6175,42.62017]]]},"properties":{"id":"r21c16","np":4,"nombre":"Alto","dm":0.465,"fwi":3.49,"ndmi":0.0118,"dry":2.11,"inc":0.4563,"ni":"Media","acc":"Alerta preventiva","cp":"#F5F23B","cu":"#EA9020","ca":"#fee08b"}},{"type":"Feature","geometry":{"type":"Polygon","coordinates":[[[1.62969,42.62032],[1.62949,42.62932],[1.6173,42.62917],[1.6175,42.62017],[1.62969,42.62032]]]},"properties":{"id":"r21c17","np":4,"nombre":"Alto","dm":0.4606,"fwi":3.64,"ndmi":0.0318,"dry":2.32,"inc":0.4565,"ni":"Media","acc":"Alerta preventiva","cp":"#F5F23B","cu":"#EA9020","ca":"#fee08b"}},{"type":"Feature","geometry":{"type":"Polygon","coordinates":[[[1.64188,42.62046],[1.64168,42.62946],[1.62949,42.62932],[1.62969,42.62032],[1.64188,42.62046]]]},"properties":{"id":"r21c18","np":4,"nombre":"Alto","dm":0.4965,"fwi":3.64,"ndmi":-0.0609,"dry":2.32,"inc":0.4569,"ni":"Media","acc":"Alerta preventiva","cp":"#F5F23B","cu":"#EA9020","ca":"#fee08b"}},{"type":"Feature","geometry":{"type":"Polygon","coordinates":[[[1.65407,42.6206],[1.65388,42.62961],[1.64168,42.62946],[1.64188,42.62046],[1.65407,42.6206]]]},"properties":{"id":"r21c19","np":4,"nombre":"Alto","dm":0.4838,"fwi":3.64,"ndmi":-0.0199,"dry":2.32,"inc":0.4568,"ni":"Media","acc":"Alerta preventiva","cp":"#F5F23B","cu":"#EA9020","ca":"#fee08b"}},{"type":"Feature","geometry":{"type":"Polygon","coordinates":[[[1.69064,42.62103],[1.69045,42.63003],[1.67826,42.62989],[1.67845,42.62089],[1.69064,42.62103]]]},"properties":{"id":"r21c22","np":4,"nombre":"Alto","dm":0.5175,"fwi":5.04,"ndmi":0.0115,"dry":2.12,"inc":0.5602,"ni":"Alta","acc":"Alerta + más datos","cp":"#F5F23B","cu":"#C0392B","ca":"#fdae61"}},{"type":"Feature","geometry":{"type":"Polygon","coordinates":[[[1.70283,42.62117],[1.70265,42.63017],[1.69045,42.63003],[1.69064,42.62103],[1.70283,42.62117]]]},"properties":{"id":"r21c23","np":4,"nombre":"Alto","dm":0.5073,"fwi":4.81,"ndmi":0.0258,"dry":2.11,"inc":0.5461,"ni":"Alta","acc":"Alerta + más datos","cp":"#F5F23B","cu":"#C0392B","ca":"#fdae61"}},{"type":"Feature","geometry":{"type":"Polygon","coordinates":[[[1.471,42.62731],[1.47078,42.63632],[1.45859,42.63615],[1.45881,42.62715],[1.471,42.62731]]]},"properties":{"id":"r22c4","np":4,"nombre":"Alto","dm":0.5,"fwi":4.89,"ndmi":-0.0122,"dry":2.95,"inc":0.4825,"ni":"Media","acc":"Alerta preventiva","cp":"#F5F23B","cu":"#EA9020","ca":"#fee08b"}},{"type":"Feature","geometry":{"type":"Polygon","coordinates":[[[1.48319,42.62747],[1.48297,42.63648],[1.47078,42.63632],[1.471,42.62731],[1.48319,42.62747]]]},"properties":{"id":"r22c5","np":4,"nombre":"Alto","dm":0.4737,"fwi":4.89,"ndmi":0.0456,"dry":2.95,"inc":0.4821,"ni":"Media","acc":"Alerta preventiva","cp":"#F5F23B","cu":"#EA9020","ca":"#fee08b"}},{"type":"Feature","geometry":{"type":"Polygon","coordinates":[[[1.49538,42.62764],[1.49517,42.63664],[1.48297,42.63648],[1.48319,42.62747],[1.49538,42.62764]]]},"properties":{"id":"r22c6","np":3,"nombre":"Moderado","dm":0.4361,"fwi":4.89,"ndmi":0.1282,"dry":2.95,"inc":0.4825,"ni":"Media","acc":"Monitorización rutinaria","cp":"#6FCE44","cu":"#EA9020","ca":"#a6d96a"}},{"type":"Feature","geometry":{"type":"Polygon","coordinates":[[[1.50758,42.6278],[1.50736,42.6368],[1.49517,42.63664],[1.49538,42.62764],[1.50758,42.6278]]]},"properties":{"id":"r22c7","np":3,"nombre":"Moderado","dm":0.3961,"fwi":4.89,"ndmi":0.216,"dry":2.95,"inc":0.4827,"ni":"Media","acc":"Monitorización rutinaria","cp":"#6FCE44","cu":"#EA9020","ca":"#a6d96a"}},{"type":"Feature","geometry":{"type":"Polygon","coordinates":[[[1.51977,42.62795],[1.51955,42.63696],[1.50736,42.6368],[1.50758,42.6278],[1.51977,42.62795]]]},"properties":{"id":"r22c8","np":2,"nombre":"Bajo","dm":0.3714,"fwi":4.89,"ndmi":0.2703,"dry":2.95,"inc":0.4835,"ni":"Media","acc":"Sin acción especial","cp":"#6EC8F0","cu":"#EA9020","ca":"#1a9850"}},{"type":"Feature","geometry":{"type":"Polygon","coordinates":[[[1.53196,42.62811],[1.53175,42.63711],[1.51955,42.63696],[1.51977,42.62795],[1.53196,42.62811]]]},"properties":{"id":"r22c9","np":3,"nombre":"Moderado","dm":0.3911,"fwi":4.89,"ndmi":0.227,"dry":2.95,"inc":0.4834,"ni":"Media","acc":"Monitorización rutinaria","cp":"#6FCE44","cu":"#EA9020","ca":"#a6d96a"}},{"type":"Feature","geometry":{"type":"Polygon","coordinates":[[[1.54415,42.62827],[1.54394,42.63727],[1.53175,42.63711],[1.53196,42.62811],[1.54415,42.62827]]]},"properties":{"id":"r22c10","np":3,"nombre":"Moderado","dm":0.4401,"fwi":4.89,"ndmi":0.1194,"dry":2.95,"inc":0.4826,"ni":"Media","acc":"Monitorización rutinaria","cp":"#6FCE44","cu":"#EA9020","ca":"#a6d96a"}},{"type":"Feature","geometry":{"type":"Polygon","coordinates":[[[1.55634,42.62842],[1.55613,42.63742],[1.54394,42.63727],[1.54415,42.62827],[1.55634,42.62842]]]},"properties":{"id":"r22c11","np":3,"nombre":"Moderado","dm":0.3964,"fwi":3.64,"ndmi":0.1729,"dry":2.32,"inc":0.4563,"ni":"Media","acc":"Monitorización rutinaria","cp":"#6FCE44","cu":"#EA9020","ca":"#a6d96a"}},{"type":"Feature","geometry":{"type":"Polygon","coordinates":[[[1.56853,42.62857],[1.56833,42.63758],[1.55613,42.63742],[1.55634,42.62842],[1.56853,42.62857]]]},"properties":{"id":"r22c12","np":3,"nombre":"Moderado","dm":0.385,"fwi":3.64,"ndmi":0.1977,"dry":2.32,"inc":0.4569,"ni":"Media","acc":"Monitorización rutinaria","cp":"#6FCE44","cu":"#EA9020","ca":"#a6d96a"}},{"type":"Feature","geometry":{"type":"Polygon","coordinates":[[[1.58072,42.62872],[1.58052,42.63773],[1.56833,42.63758],[1.56853,42.62857],[1.58072,42.62872]]]},"properties":{"id":"r22c13","np":4,"nombre":"Alto","dm":0.455,"fwi":3.64,"ndmi":0.0441,"dry":2.32,"inc":0.4565,"ni":"Media","acc":"Alerta preventiva","cp":"#F5F23B","cu":"#EA9020","ca":"#fee08b"}},{"type":"Feature","geometry":{"type":"Polygon","coordinates":[[[1.59292,42.62888],[1.59271,42.63788],[1.58052,42.63773],[1.58072,42.62872],[1.59292,42.62888]]]},"properties":{"id":"r22c14","np":4,"nombre":"Alto","dm":0.4672,"fwi":3.64,"ndmi":0.0175,"dry":2.32,"inc":0.4573,"ni":"Media","acc":"Alerta preventiva","cp":"#F5F23B","cu":"#EA9020","ca":"#fee08b"}},{"type":"Feature","geometry":{"type":"Polygon","coordinates":[[[1.48297,42.63648],[1.48276,42.64548],[1.47056,42.64532],[1.47078,42.63632],[1.48297,42.63648]]]},"properties":{"id":"r23c5","np":4,"nombre":"Alto","dm":0.4961,"fwi":4.89,"ndmi":-0.0036,"dry":2.95,"inc":0.4824,"ni":"Media","acc":"Alerta preventiva","cp":"#F5F23B","cu":"#EA9020","ca":"#fee08b"}},{"type":"Feature","geometry":{"type":"Polygon","coordinates":[[[1.49517,42.63664],[1.49495,42.64564],[1.48276,42.64548],[1.48297,42.63648],[1.49517,42.63664]]]},"properties":{"id":"r23c6","np":4,"nombre":"Alto","dm":0.4808,"fwi":4.89,"ndmi":0.0291,"dry":2.95,"inc":0.4818,"ni":"Media","acc":"Alerta preventiva","cp":"#F5F23B","cu":"#EA9020","ca":"#fee08b"}},{"type":"Feature","geometry":{"type":"Polygon","coordinates":[[[1.50736,42.6368],[1.50715,42.6458],[1.49495,42.64564],[1.49517,42.63664],[1.50736,42.6368]]]},"properties":{"id":"r23c7","np":4,"nombre":"Alto","dm":0.4668,"fwi":4.89,"ndmi":0.0608,"dry":2.95,"inc":0.4819,"ni":"Media","acc":"Alerta preventiva","cp":"#F5F23B","cu":"#EA9020","ca":"#fee08b"}},{"type":"Feature","geometry":{"type":"Polygon","coordinates":[[[1.51955,42.63696],[1.51934,42.64596],[1.50715,42.6458],[1.50736,42.6368],[1.51955,42.63696]]]},"properties":{"id":"r23c8","np":4,"nombre":"Alto","dm":0.461,"fwi":4.89,"ndmi":0.0736,"dry":2.95,"inc":0.4823,"ni":"Media","acc":"Alerta preventiva","cp":"#F5F23B","cu":"#EA9020","ca":"#fee08b"}},{"type":"Feature","geometry":{"type":"Polygon","coordinates":[[[1.53175,42.63711],[1.53153,42.64612],[1.51934,42.64596],[1.51955,42.63696],[1.53175,42.63711]]]},"properties":{"id":"r23c9","np":4,"nombre":"Alto","dm":0.4703,"fwi":4.89,"ndmi":0.0532,"dry":2.95,"inc":0.4826,"ni":"Media","acc":"Alerta preventiva","cp":"#F5F23B","cu":"#EA9020","ca":"#fee08b"}},{"type":"Feature","geometry":{"type":"Polygon","coordinates":[[[1.54394,42.63727],[1.54373,42.64627],[1.53153,42.64612],[1.53175,42.63711],[1.54394,42.63727]]]},"properties":{"id":"r23c10","np":4,"nombre":"Alto","dm":0.4836,"fwi":4.89,"ndmi":0.0239,"dry":2.95,"inc":0.4819,"ni":"Media","acc":"Alerta preventiva","cp":"#F5F23B","cu":"#EA9020","ca":"#fee08b"}},{"type":"Feature","geometry":{"type":"Polygon","coordinates":[[[1.55613,42.63742],[1.55592,42.64643],[1.54373,42.64627],[1.54394,42.63727],[1.55613,42.63742]]]},"properties":{"id":"r23c11","np":3,"nombre":"Moderado","dm":0.4376,"fwi":4.89,"ndmi":0.1249,"dry":2.95,"inc":0.4826,"ni":"Media","acc":"Monitorización rutinaria","cp":"#6FCE44","cu":"#EA9020","ca":"#a6d96a"}},{"type":"Feature","geometry":{"type":"Polygon","coordinates":[[[1.56833,42.63758],[1.56812,42.64658],[1.55592,42.64643],[1.55613,42.63742],[1.56833,42.63758]]]},"properties":{"id":"r23c12","np":3,"nombre":"Moderado","dm":0.4016,"fwi":3.64,"ndmi":0.1614,"dry":2.32,"inc":0.4569,"ni":"Media","acc":"Monitorización rutinaria","cp":"#6FCE44","cu":"#EA9020","ca":"#a6d96a"}},{"type":"Feature","geometry":{"type":"Polygon","coordinates":[[[1.58052,42.63773],[1.58032,42.64673],[1.56812,42.64658],[1.56833,42.63758],[1.58052,42.63773]]]},"properties":{"id":"r23c13","np":3,"nombre":"Moderado","dm":0.4406,"fwi":3.64,"ndmi":0.0758,"dry":2.32,"inc":0.457,"ni":"Media","acc":"Monitorización rutinaria","cp":"#6FCE44","cu":"#EA9020","ca":"#a6d96a"}},{"type":"Feature","geometry":{"type":"Polygon","coordinates":[[[1.48276,42.64548],[1.48254,42.65448],[1.47034,42.65432],[1.47056,42.64532],[1.48276,42.64548]]]},"properties":{"id":"r24c5","np":4,"nombre":"Alto","dm":0.5019,"fwi":4.89,"ndmi":-0.0167,"dry":2.95,"inc":0.4824,"ni":"Media","acc":"Alerta preventiva","cp":"#F5F23B","cu":"#EA9020","ca":"#fee08b"}},{"type":"Feature","geometry":{"type":"Polygon","coordinates":[[[1.49495,42.64564],[1.49473,42.65464],[1.48254,42.65448],[1.48276,42.64548],[1.49495,42.64564]]]},"properties":{"id":"r24c6","np":4,"nombre":"Alto","dm":0.5179,"fwi":4.65,"ndmi":-0.0002,"dry":2.95,"inc":0.5983,"ni":"Alta","acc":"Alerta + más datos","cp":"#F5F23B","cu":"#C0392B","ca":"#fdae61"}},{"type":"Feature","geometry":{"type":"Polygon","coordinates":[[[1.50715,42.6458],[1.50693,42.6548],[1.49473,42.65464],[1.49495,42.64564],[1.50715,42.6458]]]},"properties":{"id":"r24c7","np":4,"nombre":"Alto","dm":0.5021,"fwi":4.65,"ndmi":0.0344,"dry":2.95,"inc":0.5984,"ni":"Alta","acc":"Alerta + más datos","cp":"#F5F23B","cu":"#C0392B","ca":"#fdae61"}},{"type":"Feature","geometry":{"type":"Polygon","coordinates":[[[1.51934,42.64596],[1.51913,42.65496],[1.50693,42.6548],[1.50715,42.6458],[1.51934,42.64596]]]},"properties":{"id":"r24c8","np":4,"nombre":"Alto","dm":0.4923,"fwi":4.65,"ndmi":0.0561,"dry":2.95,"inc":0.5982,"ni":"Alta","acc":"Alerta + más datos","cp":"#F5F23B","cu":"#C0392B","ca":"#fdae61"}},{"type":"Feature","geometry":{"type":"Polygon","coordinates":[[[1.53153,42.64612],[1.53132,42.65512],[1.51913,42.65496],[1.51934,42.64596],[1.53153,42.64612]]]},"properties":{"id":"r24c9","np":4,"nombre":"Alto","dm":0.5109,"fwi":4.65,"ndmi":0.0151,"dry":2.95,"inc":0.5978,"ni":"Alta","acc":"Alerta + más datos","cp":"#F5F23B","cu":"#C0392B","ca":"#fdae61"}},{"type":"Feature","geometry":{"type":"Polygon","coordinates":[[[1.54373,42.64627],[1.54352,42.65527],[1.53132,42.65512],[1.53153,42.64612],[1.54373,42.64627]]]},"properties":{"id":"r24c10","np":4,"nombre":"Alto","dm":0.5133,"fwi":4.65,"ndmi":0.0052,"dry":2.95,"inc":0.5982,"ni":"Alta","acc":"Alerta + más datos","cp":"#F5F23B","cu":"#C0392B","ca":"#fdae61"}},{"type":"Feature","geometry":{"type":"Polygon","coordinates":[[[1.55592,42.64643],[1.55572,42.65543],[1.54352,42.65527],[1.54373,42.64627],[1.55592,42.64643]]]},"properties":{"id":"r24c11","np":4,"nombre":"Alto","dm":0.4907,"fwi":4.65,"ndmi":0.0596,"dry":2.95,"inc":0.5978,"ni":"Alta","acc":"Alerta + más datos","cp":"#F5F23B","cu":"#C0392B","ca":"#fdae61"}},{"type":"Feature","geometry":{"type":"Polygon","coordinates":[[[1.56812,42.64658],[1.56791,42.65558],[1.55572,42.65543],[1.55592,42.64643],[1.56812,42.64658]]]},"properties":{"id":"r24c12","np":4,"nombre":"Alto","dm":0.4617,"fwi":4.32,"ndmi":0.0769,"dry":2.63,"inc":0.5265,"ni":"Alta","acc":"Alerta + más datos","cp":"#F5F23B","cu":"#C0392B","ca":"#fdae61"}},{"type":"Feature","geometry":{"type":"Polygon","coordinates":[[[1.58032,42.64673],[1.58011,42.65573],[1.56791,42.65558],[1.56812,42.64658],[1.58032,42.64673]]]},"properties":{"id":"r24c13","np":4,"nombre":"Alto","dm":0.5098,"fwi":4.32,"ndmi":-0.0437,"dry":2.63,"inc":0.5258,"ni":"Alta","acc":"Alerta + más datos","cp":"#F5F23B","cu":"#C0392B","ca":"#fdae61"}}]}